"","X.1","X","Player","Span","Mat","Inns","NO","Runs","HS","Ave","BF","SR","X100","X50","X0","X4s","X6s","Team"
"1",1,1,"P Amarnath","2008-2008",6,"-","-","-","-","-","-","-","-","-","-","-","-","CSK"
"2",2,2,"S Anirudha","2008-2013",25,"16","6","184","64","18.40","153","120.26","0","1","2","14","8","CSK"
"3",3,3,"KB Arun Karthik","2010-2010",1,"1","1","3","3*","-","5","60.00","0","0","0","0","0","CSK"
"4",4,4,"R Ashwin","2009-2015",121,"40","16","288","46","12.00","263","109.50","0","0","3","27","6","CSK"
"5",5,5,"S Badree","2014-2014",4,"-","-","-","-","-","-","-","-","-","-","-","-","CSK"
"6",6,6,"S Badrinath","2008-2013",114,"82","23","1667","71*","28.25","1455","114.57","0","12","6","168","32","CSK"
"7",7,7,"GJ Bailey","2009-2010",4,"3","0","63","30","21.00","66","95.45","0","0","0","9","0","CSK"
"8",8,8,"L Balaji","2008-2010",34,"8","2","22","15","3.66","34","64.70","0","0","3","1","1","CSK"
"9",9,9,"DE Bollinger","2010-2012",41,"5","3","38","17","19.00","34","111.76","0","0","0","4","1","CSK"
"10",10,10,"DJ Bravo","2011-2015",75,"56","23","982","67","29.75","726","135.26","0","2","1","79","41","CSK"
"11",11,11,"MS Dhoni","2008-2015",153,"139","48","3435","70*","37.74","2462","139.52","0","16","5","246","152","CSK"
"12",12,12,"F du Plessis","2012-2015",53,"46","3","1292","73","30.04","993","130.11","0","7","2","114","35","CSK"
"13",13,13,"SP Fleming","2008-2008",10,"10","1","196","45","21.77","165","118.78","0","0","1","27","3","CSK"
"14",14,14,"A Flintoff","2009-2009",3,"3","1","62","24","31.00","53","116.98","0","0","0","5","2","CSK"
"15",15,15,"C Ganapathy","2010-2010",1,"1","1","0","0*","-","0","-","0","0","0","0","0","CSK"
"16",16,16,"MS Gony","2008-2010",26,"9","5","50","15*","12.50","36","138.88","0","0","0","2","5","CSK"
"17",17,17,"JW Hastings","2014-2014",2,"1","1","0","0*","-","0","-","0","0","0","0","0","CSK"
"18",18,18,"ML Hayden","2008-2010",34,"34","2","1117","93","34.90","824","135.55","0","8","2","122","44","CSK"
"19",19,19,"BW Hilfenhaus","2012-2014",21,"3","3","7","7*","-","6","116.66","0","0","0","0","0","CSK"
"20",20,20,"JO Holder","2013-2013",11,"2","1","0","0*","0.00","1","0.00","0","0","1","0","0","CSK"
"21",21,21,"DJ Hussey","2014-2014",5,"4","2","116","50*","58.00","94","123.40","0","1","0","8","6","CSK"
"22",22,22,"MEK Hussey","2008-2015",64,"63","9","2213","116*","40.98","1802","122.80","1","17","1","230","52","CSK"
"23",23,23,"RA Jadeja","2012-2015",84,"60","21","826","48","21.17","622","132.79","0","0","4","57","32","CSK"
"24",24,24,"SB Jakati","2009-2012",55,"8","7","27","13","27.00","27","100.00","0","0","0","3","0","CSK"
"25",25,25,"Joginder Sharma","2008-2011",16,"6","2","36","16*","9.00","30","120.00","0","0","2","1","2","CSK"
"26",26,26,"S Randiv","2011-2011",8,"1","0","2","2","2.00","4","50.00","0","0","0","0","0","CSK"
"27",27,27,"CK Kapugedera","2008-2008",5,"3","0","16","8","5.33","23","69.56","0","0","1","0","0","CSK"
"28",28,28,"JM Kemp","2010-2010",7,"4","1","38","22","12.66","32","118.75","0","0","1","1","2","CSK"
"29",29,29,"KMDN Kulasekara","2011-2012",7,"2","1","23","18","23.00","15","153.33","0","0","0","2","1","CSK"
"30",30,30,"B Laughlin","2013-2013",2,"2","1","4","4*","4.00","9","44.44","0","0","1","0","0","CSK"
"31",31,31,"BB McCullum","2014-2015",33,"33","2","968","100*","31.22","709","136.53","1","5","0","97","47","CSK"
"32",32,32,"VY Mahesh","2012-2012",6,"1","0","2","2","2.00","2","100.00","0","0","0","0","0","CSK"
"33",33,33,"M Manhas","2014-2014",13,"6","3","53","18","17.66","50","106.00","0","0","0","4","1","CSK"
"34",34,34,"RG More","2015-2015",2,"1","1","2","2*","-","2","100.00","0","0","0","0","0","CSK"
"35",35,35,"JA Morkel","2008-2013",92,"70","31","909","71","23.30","639","142.25","0","2","4","57","52","CSK"
"36",36,36,"CH Morris","2013-2013",17,"7","5","40","26*","20.00","33","121.21","0","0","1","3","0","CSK"
"37",37,37,"A Mukund","2008-2008",2,"1","0","0","0","0.00","1","0.00","0","0","1","0","0","CSK"
"38",38,38,"M Muralitharan","2008-2010",46,"6","2","9","4","2.25","13","69.23","0","0","1","1","0","CSK"
"39",39,39,"DP Nannes","2013-2013",5,"1","1","0","0*","-","0","-","0","0","0","0","0","CSK"
"40",40,40,"P Negi","2014-2015",14,"10","1","124","36","13.77","78","158.97","0","0","0","10","6","CSK"
"41",41,41,"A Nehra","2014-2015",25,"4","3","1","1*","1.00","7","14.28","0","0","1","0","0","CSK"
"42",42,42,"M Ntini","2008-2008",9,"2","1","11","11","11.00","18","61.11","0","0","0","2","0","CSK"
"43",43,43,"JDP Oram","2008-2009",15,"11","4","106","41*","15.14","105","100.95","0","0","0","6","5","CSK"
"44",44,44,"IC Pandey","2014-2015",25,"-","-","-","-","-","-","-","-","-","-","-","-","CSK"
"45",45,45,"PA Patel","2008-2010",26,"26","2","516","57","21.50","502","102.78","0","3","4","67","7","CSK"
"46",46,46,"NLTC Perera","2010-2010",1,"-","-","-","-","-","-","-","-","-","-","-","-","CSK"
"47",47,47,"SK Raina","2008-2015",156,"152","22","4541","109*","34.93","3202","141.81","2","30","7","390","189","CSK"
"48",48,48,"AS Rajpoot","2013-2013",2,"1","1","2","2*","-","6","33.33","0","0","0","0","0","CSK"
"49",49,49,"WP Saha","2011-2013",21,"13","4","164","46*","18.22","160","102.50","0","0","1","8","8","CSK"
"50",50,50,"V Shankar","2014-2014",1,"-","-","-","-","-","-","-","-","-","-","-","-","CSK"
"51",51,51,"MM Sharma","2013-2015",57,"10","6","29","21*","7.25","27","107.40","0","0","3","1","2","CSK"
"52",52,52,"DR Smith","2014-2015",37,"37","0","1025","79","27.70","799","128.28","0","7","3","112","51","CSK"
"53",53,53,"TG Southee","2011-2011",5,"-","-","-","-","-","-","-","-","-","-","-","-","CSK"
"54",54,54,"SB Styris","2011-2011",2,"1","1","5","5*","-","2","250.00","0","0","0","1","0","CSK"
"55",55,55,"T Thushara","2009-2010",6,"4","2","12","8","6.00","18","66.66","0","0","0","0","0","CSK"
"56",56,56,"S Tyagi","2009-2010",14,"3","2","3","3*","3.00","4","75.00","0","0","1","0","0","CSK"
"57",57,57,"S Vidyut","2008-2008",9,"8","0","145","54","18.12","109","133.02","0","1","1","21","3","CSK"
"58",58,58,"M Vijay","2009-2013",83,"83","4","2097","127","26.54","1672","125.41","2","10","5","193","81","CSK"
"59",59,1,"Abhinav Kumar","2009-2009",1,"1","0","1","1","1.00","3","33.33","0","0","0","0","0","DC"
"60",60,2,"Anand Rajan","2011-2012",6,"-","-","-","-","-","-","-","-","-","-","-","-","DC"
"61",61,3,"Anirudh Singh","2010-2010",5,"4","0","63","40","15.75","66","95.45","0","0","1","6","1","DC"
"62",62,4,"Ankit Sharma","2012-2012",9,"4","1","18","15","6.00","13","138.46","0","0","0","0","2","DC"
"63",63,5,"A Ashish Reddy","2012-2012",9,"5","1","35","10*","8.75","29","120.68","0","0","0","3","1","DC"
"64",64,6,"SB Bangar","2008-2008",11,"7","1","47","17*","7.83","49","95.91","0","0","1","1","3","DC"
"65",65,7,"AA Bilakhia","2009-2010",7,"7","2","69","22","13.80","85","81.17","0","0","0","5","0","DC"
"66",66,8,"B Chipli","2011-2012",19,"17","6","244","61*","22.18","205","119.02","0","1","0","24","6","DC"
"67",67,9,"DT Christian","2011-2012",21,"20","4","335","39","20.93","277","120.93","0","0","1","17","13","DC"
"68",68,10,"H Das","2008-2008",1,"1","0","2","2","2.00","5","40.00","0","0","0","0","0","DC"
"69",69,11,"KH Devdhar","2011-2011",1,"-","-","-","-","-","-","-","-","-","-","-","-","DC"
"70",70,12,"S Dhawan","2011-2012",29,"29","3","969","95*","37.26","749","129.37","0","7","0","105","25","DC"
"71",71,13,"JP Duminy","2011-2012",19,"19","6","449","74","34.53","364","123.35","0","3","0","22","19","DC"
"72",72,14,"FH Edwards","2009-2009",8,"4","2","12","8*","6.00","13","92.30","0","0","1","1","0","DC"
"73",73,15,"HH Gibbs","2008-2010",33,"33","3","805","69*","26.83","719","111.96","0","5","4","75","29","DC"
"74",74,16,"AC Gilchrist","2008-2010",48,"48","1","1289","109*","27.42","872","147.82","1","8","4","144","67","DC"
"75",75,17,"MS Gony","2011-2012",9,"3","1","4","4","2.00","10","40.00","0","0","1","0","0","DC"
"76",76,18,"Harmeet Singh","2009-2011",18,"4","2","0","0*","0.00","1","0.00","0","0","2","0","0","DC"
"77",77,19,"DJ Harris","2012-2012",4,"4","0","111","47","27.75","101","109.90","0","0","0","11","5","DC"
"78",78,20,"RJ Harris","2009-2010",16,"10","5","66","15","13.20","57","115.78","0","0","0","2","2","DC"
"79",79,21,"IR Jaggi","2011-2012",5,"5","1","43","25","10.75","58","74.13","0","0","0","3","0","DC"
"80",80,22,"Jaskaran Singh","2009-2010",8,"5","4","8","4*","8.00","11","72.72","0","0","0","0","0","DC"
"81",81,23,"AA Jhunjhunwala","2012-2012",5,"3","1","24","19","12.00","26","92.30","0","0","0","1","1","DC"
"82",82,24,"D Kalyankrishna","2008-2008",3,"1","0","3","3","3.00","8","37.50","0","0","0","0","0","DC"
"83",83,25,"VVS Laxman","2008-2010",19,"19","2","288","52","16.94","266","108.27","0","1","3","38","3","DC"
"84",84,26,"MJ Lumb","2011-2011",1,"1","0","0","0","0.00","2","0.00","0","0","1","0","0","DC"
"85",85,27,"CA Lynn","2012-2012",1,"1","0","6","6","6.00","9","66.66","0","0","0","1","0","DC"
"86",86,28,"I Malhotra","2011-2011",1,"1","1","7","7*","-","4","175.00","0","0","0","1","0","DC"
"87",87,29,"MR Marsh","2010-2010",3,"2","0","28","15","14.00","30","93.33","0","0","0","1","1","DC"
"88",88,30,"A Mishra","2011-2012",28,"14","7","84","25*","12.00","69","121.73","0","0","4","10","1","DC"
"89",89,31,"MD Mishra","2010-2010",11,"11","0","166","41","15.09","144","115.27","0","0","1","18","6","DC"
"90",90,32,"T Mishra","2012-2012",1,"-","-","-","-","-","-","-","-","-","-","-","-","DC"
"91",91,33,"PP Ojha","2008-2011",56,"16","7","7","2","0.77","20","35.00","0","0","5","0","0","DC"
"92",92,34,"PA Patel","2012-2012",14,"13","2","194","45","17.63","165","117.57","0","0","1","19","4","DC"
"93",93,35,"V Pratap Singh","2012-2012",9,"1","0","0","0","0.00","1","0.00","0","0","1","0","0","DC"
"94",94,36,"DB Ravi Teja","2008-2012",30,"23","5","361","60","20.05","300","120.33","0","1","1","35","9","DC"
"95",95,37,"PA Reddy","2012-2012",5,"4","1","73","42","24.33","59","123.72","0","0","0","6","2","DC"
"96",96,38,"KAJ Roach","2010-2010",2,"1","0","10","10","10.00","9","111.11","0","0","0","1","0","DC"
"97",97,39,"BB Samantray","2012-2012",1,"1","1","2","2*","-","2","100.00","0","0","0","0","0","DC"
"98",98,40,"KC Sangakkara","2011-2012",25,"25","1","558","82","23.25","477","116.98","0","2","2","65","9","DC"
"99",99,41,"PM Sarvesh Kumar","2008-2008",2,"1","1","1","1*","-","2","50.00","0","0","0","0","0","DC"
"100",100,42,"Shahid Afridi","2008-2008",10,"9","1","81","33","10.12","46","176.08","0","0","1","7","6","DC"
"101",101,43,"I Sharma","2011-2011",12,"5","5","4","1*","-","5","80.00","0","0","0","0","0","DC"
"102",102,44,"R Sharma","2010-2010",6,"4","1","29","14*","9.66","26","111.53","0","0","1","3","1","DC"
"103",103,45,"RG Sharma","2008-2010",47,"46","6","1219","76*","30.47","935","130.37","0","8","2","102","51","DC"
"104",104,46,"Shoaib Ahmed","2009-2009",8,"3","1","1","1*","0.50","6","16.66","0","0","2","0","0","DC"
"105",105,47,"LPC Silva","2008-2008",3,"3","1","40","23*","20.00","26","153.84","0","0","1","5","1","DC"
"106",106,48,"RP Singh","2008-2010",44,"22","10","51","10","4.25","69","73.91","0","0","2","2","1","DC"
"107",107,49,"DR Smith","2009-2010",11,"11","1","237","49","23.70","157","150.95","0","0","0","13","16","DC"
"108",108,50,"S Sohal","2011-2011",11,"10","0","249","62","24.90","191","130.36","0","2","1","25","10","DC"
"109",109,51,"DW Steyn","2011-2012",24,"11","2","55","13","6.11","56","98.21","0","0","0","3","1","DC"
"110",110,52,"SB Styris","2008-2009",12,"11","2","153","36*","17.00","161","95.03","0","0","0","10","4","DC"
"111",111,53,"TP Sudhindra","2012-2012",3,"1","1","0","0*","-","0","-","0","0","0","0","0","DC"
"112",112,54,"TL Suman","2009-2010",28,"28","8","559","78*","27.95","463","120.73","0","2","2","43","20","DC"
"113",113,55,"B Sumanth","2010-2010",5,"4","3","35","16","35.00","37","94.59","0","0","0","3","0","DC"
"114",114,56,"A Symonds","2008-2010",30,"29","4","849","117*","33.96","625","135.84","1","5","0","66","38","DC"
"115",115,57,"J Theron","2012-2012",2,"1","1","7","7*","-","6","116.66","0","0","0","1","0","DC"
"116",116,58,"WPUJC Vaas","2008-2010",13,"11","3","81","20","10.12","73","110.95","0","0","3","2","3","DC"
"117",117,59,"Y Venugopal Rao","2008-2010",35,"30","5","498","71*","19.92","398","125.12","0","2","2","34","23","DC"
"118",118,60,"DP Vijaykumar","2008-2008",9,"2","2","1","1*","-","1","100.00","0","0","0","0","0","DC"
"119",119,61,"CL White","2011-2012",19,"19","4","583","78","38.86","429","135.89","0","5","1","47","22","DC"
"120",120,62,"AS Yadav","2008-2008",8,"6","1","49","16","9.80","39","125.64","0","0","1","5","2","DC"
"121",121,63,"DNT Zoysa","2008-2008",3,"2","1","11","10*","11.00","9","122.22","0","0","0","1","0","DC"
"122",122,1,"S Ladda","2010-2010",5,"2","1","0","0*","0.00","9","0.00","0","0","1","0","0","DD"
"123",123,2,"VR Aaron","2011-2012",12,"3","1","1","1","0.50","8","12.50","0","0","1","0","0","DD"
"124",124,3,"AB Agarkar","2011-2013",19,"8","4","40","11*","10.00","39","102.56","0","0","1","3","1","DD"
"125",125,4,"MA Agarwal","2014-2016",21,"21","1","355","68","17.75","293","121.16","0","2","1","38","11","DD"
"126",126,5,"R Bhatia","2008-2010",26,"15","3","95","21","7.91","89","106.74","0","0","3","6","4","DD"
"127",127,6,"SW Billings","2016-2016",5,"4","0","88","54","22.00","64","137.50","0","1","0","4","4","DD"
"128",128,7,"TR Birt","2011-2011",5,"5","0","75","27","15.00","58","129.31","0","0","0","9","2","DD"
"129",129,8,"J Botha","2013-2013",6,"6","0","43","23","7.16","52","82.69","0","0","0","5","1","DD"
"130",130,9,"DAJ Bracewell","2012-2012",1,"1","1","12","12*","-","9","133.33","0","0","0","1","0","DD"
"131",131,10,"CR Brathwaite","2016-2016",8,"6","0","83","34","13.83","38","218.42","0","0","0","6","8","DD"
"132",132,11,"UBT Chand","2011-2013",17,"16","0","248","41","15.50","257","96.49","0","0","3","23","9","DD"
"133",133,12,"B Chipli","2013-2013",1,"1","0","16","16","16.00","18","88.88","0","0","0","1","1","DD"
"134",134,13,"PD Collingwood","2010-2010",8,"7","2","203","75*","40.60","156","130.12","0","3","0","9","13","DD"
"135",135,14,"NM Coulter-Nile","2014-2016",17,"8","4","29","7*","7.25","32","90.62","0","0","0","3","1","DD"
"136",136,15,"Q de Kock","2014-2016",23,"23","1","720","108","32.72","534","134.83","1","5","0","89","21","DD"
"137",137,16,"AB de Villiers","2008-2010",28,"26","5","671","105*","31.95","572","117.30","1","3","2","51","13","DD"
"138",138,17,"S Dhawan","2008-2008",14,"14","5","340","68*","37.77","295","115.25","0","4","1","35","8","DD"
"139",139,18,"TM Dilshan","2008-2010",31,"30","4","615","67*","23.65","542","113.46","0","4","3","66","16","DD"
"140",140,19,"AB Dinda","2011-2011",6,"1","0","0","0","0.00","5","0.00","0","0","1","0","0","DD"
"141",141,20,"JP Duminy","2014-2016",38,"35","12","1015","78*","44.13","776","130.79","0","6","0","62","43","DD"
"142",142,21,"AJ Finch","2011-2012",8,"8","0","102","30","12.75","97","105.15","0","0","2","11","3","DD"
"143",143,22,"G Gambhir","2008-2010",44,"43","4","1115","86","28.58","910","122.52","0","8","3","134","12","DD"
"144",144,23,"CM Gautam","2013-2015",4,"4","1","48","30","16.00","39","123.07","0","0","0","4","1","DD"
"145",145,24,"B Geeves","2008-2008",2,"-","-","-","-","-","-","-","-","-","-","-","-","DD"
"146",146,25,"Sunny Gupta","2012-2012",1,"1","0","0","0","0.00","1","0.00","0","0","1","0","0","DD"
"147",147,26,"MC Henriques","2010-2010",1,"1","0","11","11","11.00","5","220.00","0","0","0","2","0","DD"
"148",148,27,"JR Hopes","2011-2011",10,"8","3","196","55","39.20","158","124.05","0","2","0","22","3","DD"
"149",149,28,"Imran Tahir","2014-2016",20,"5","1","18","5","4.50","23","78.26","0","0","0","3","0","DD"
"150",150,29,"CA Ingram","2011-2011",3,"3","1","21","13*","10.50","26","80.76","0","0","0","2","0","DD"
"151",151,30,"SS Iyer","2015-2016",20,"20","1","469","83","24.68","385","121.81","0","4","5","43","22","DD"
"152",152,31,"KM Jadhav","2010-2015",41,"37","14","566","63*","24.60","421","134.44","0","2","4","44","21","DD"
"153",153,32,"DPMD Jayawardene","2012-2013",33,"32","3","691","66","23.82","637","108.47","0","5","1","82","9","DD"
"154",154,33,"MC Juneja","2013-2013",7,"7","0","125","49","17.85","128","97.65","0","0","0","11","1","DD"
"155",155,34,"KD Karthik","2008-2014",60,"53","8","1128","69","25.06","895","126.03","0","7","2","96","33","DD"
"156",156,35,"S Kaul","2013-2014",11,"3","3","9","7*","-","11","81.81","0","0","0","0","0","DD"
"157",157,36,"Z Khan","2015-2016",19,"2","0","6","4","3.00","13","46.15","0","0","0","1","0","DD"
"158",158,37,"AB McDonald","2009-2011",6,"5","3","76","33*","38.00","63","120.63","0","0","0","3","2","DD"
"159",159,38,"GD McGrath","2008-2009",16,"3","2","4","4*","4.00","5","80.00","0","0","1","1","0","DD"
"160",160,39,"MF Maharoof","2008-2010",20,"14","4","177","39","17.70","123","143.90","0","0","2","12","9","DD"
"161",161,40,"VY Mahesh","2008-2010",13,"5","3","15","6*","7.50","27","55.55","0","0","0","0","0","DD"
"162",162,41,"M Manhas","2008-2010",21,"15","7","257","32*","32.12","245","104.89","0","0","2","23","1","DD"
"163",163,42,"AD Mathews","2015-2015",11,"10","3","144","28","20.57","104","138.46","0","0","1","12","6","DD"
"164",164,43,"GJ Maxwell","2012-2012",2,"2","1","6","3*","6.00","11","54.54","0","0","0","0","0","DD"
"165",165,44,"BMAJ Mendis","2013-2013",3,"3","0","23","12","7.66","27","85.18","0","0","1","0","0","DD"
"166",166,45,"A Mishra","2008-2016",61,"23","9","129","31","9.21","162","79.62","0","0","3","6","2","DD"
"167",167,46,"Mohammad Asif","2008-2008",8,"2","0","3","3","1.50","6","50.00","0","0","1","0","0","DD"
"168",168,47,"Mohammed Shami","2014-2016",20,"6","4","5","2*","2.50","11","45.45","0","0","1","0","0","DD"
"169",169,48,"JA Morkel","2015-2015",4,"3","2","86","73*","86.00","65","132.30","0","1","0","9","2","DD"
"170",170,49,"M Morkel","2011-2013",41,"16","7","118","23*","13.11","75","157.33","0","0","5","10","5","DD"
"171",171,50,"CH Morris","2016-2016",12,"7","4","195","82*","65.00","109","178.89","0","1","1","15","12","DD"
"172",172,51,"DJ Muthuswami","2015-2015",6,"2","1","1","1","1.00","3","33.33","0","0","0","0","0","DD"
"173",173,52,"S Nadeem","2011-2016",48,"14","5","24","6","2.66","61","39.34","0","0","3","1","0","DD"
"174",174,53,"Y Nagar","2009-2012",27,"21","6","295","44*","19.66","277","106.49","0","0","2","20","9","DD"
"175",175,54,"KK Nair","2016-2016",14,"12","2","357","83*","35.70","297","120.20","0","3","0","40","6","DD"
"176",176,55,"DP Nannes","2009-2010",26,"2","1","4","3","4.00","13","30.76","0","0","0","0","0","DD"
"177",177,56,"JDS Neesham","2014-2014",4,"3","0","42","22","14.00","46","91.30","0","0","0","3","1","DD"
"178",178,57,"P Negi","2012-2016",21,"13","7","101","19*","16.83","101","100.00","0","0","1","7","4","DD"
"179",179,58,"A Nehra","2009-2013",30,"8","3","25","22*","5.00","29","86.20","0","0","3","2","1","DD"
"180",180,59,"NV Ojha","2011-2013",38,"35","7","437","64*","15.60","412","106.06","0","1","3","34","25","DD"
"181",181,60,"RR Pant","2016-2016",10,"10","2","198","69","24.75","152","130.26","0","1","0","19","6","DD"
"182",182,61,"WD Parnell","2014-2014",8,"2","1","2","2","2.00","2","100.00","0","0","0","0","0","DD"
"183",183,62,"IK Pathan","2011-2013",50,"40","15","490","44*","19.60","442","110.85","0","0","2","36","15","DD"
"184",184,63,"KP Pietersen","2012-2014",23,"22","4","672","103*","37.33","511","131.50","1","3","1","61","28","DD"
"185",185,64,"BJ Rohrer","2013-2013",8,"8","2","193","64*","32.16","140","137.85","0","1","0","21","5","DD"
"186",186,65,"AD Russell","2012-2013",7,"4","0","58","31","14.50","40","145.00","0","0","0","3","3","DD"
"187",187,66,"AM Salvi","2009-2011",8,"-","-","-","-","-","-","-","-","-","-","-","-","DD"
"188",188,67,"SV Samson","2016-2016",14,"14","3","291","60","26.45","259","112.35","0","1","0","20","8","DD"
"189",189,68,"GS Sandhu","2015-2015",3,"-","-","-","-","-","-","-","-","-","-","-","-","DD"
"190",190,69,"PJ Sangwan","2008-2010",30,"10","5","19","6*","3.80","31","61.29","0","0","2","0","0","DD"
"191",191,70,"V Sehwag","2008-2013",86,"85","5","2382","119","29.77","1504","158.37","1","17","7","292","89","DD"
"192",192,71,"OA Shah","2009-2009",4,"4","1","74","39*","24.66","70","105.71","0","0","1","4","2","DD"
"193",193,72,"R Sharma","2014-2014",2,"-","-","-","-","-","-","-","-","-","-","-","-","DD"
"194",194,73,"Shoaib Malik","2008-2008",7,"5","1","52","24","13.00","47","110.63","0","0","0","5","0","DD"
"195",195,74,"LR Shukla","2014-2014",5,"3","0","31","21","10.33","38","81.57","0","0","1","2","1","DD"
"196",196,75,"R Shukla","2014-2014",3,"3","2","18","14","18.00","21","85.71","0","0","0","2","0","DD"
"197",197,76,"S Sriram","2011-2011",1,"1","0","4","4","4.00","7","57.14","0","0","0","0","0","DD"
"198",198,77,"LRPL Taylor","2012-2014",20,"19","3","298","55","18.62","267","111.61","0","1","1","19","9","DD"
"199",199,78,"MK Tiwary","2008-2015",27,"22","8","355","61*","25.35","313","113.41","0","1","2","40","5","DD"
"200",200,79,"SS Tiwary","2015-2015",7,"6","6","109","28*","-","78","139.74","0","0","0","9","5","DD"
"201",201,80,"JD Unadkat","2014-2015",10,"2","1","1","1*","1.00","6","16.66","0","0","1","0","0","DD"
"202",202,81,"RE van der Merwe","2011-2013",10,"6","4","36","14","18.00","41","87.80","0","0","0","3","0","DD"
"203",203,82,"Y Venugopal Rao","2011-2013",25,"21","3","468","60","26.00","406","115.27","0","1","0","38","18","DD"
"204",204,83,"DL Vettori","2008-2010",12,"7","4","67","29","22.33","59","113.55","0","0","0","7","0","DD"
"205",205,84,"M Vijay","2014-2014",11,"11","0","207","52","18.81","192","107.81","0","1","1","20","5","DD"
"206",206,85,"MS Wade","2011-2011",3,"3","0","22","11","7.33","33","66.66","0","0","0","0","0","DD"
"207",207,86,"DA Warner","2009-2013",57,"56","5","1456","109*","28.54","1096","132.84","2","10","5","150","58","DD"
"208",208,87,"J Yadav","2015-2016",8,"2","0","6","5","3.00","10","60.00","0","0","0","0","0","DD"
"209",209,88,"UT Yadav","2010-2013",51,"15","11","45","12*","11.25","56","80.35","0","0","2","3","1","DD"
"210",210,89,"Yuvraj Singh","2015-2015",14,"13","0","248","57","19.07","210","118.09","0","2","1","23","10","DD"
"211",211,1,"S Ladda","-1",1,"-","-","-","-","-","-","-","-","-","-","-","-","GL"
"212",212,2,"AD Nath","-1",4,"3","0","20","12","6.66","27","74.07","0","0","0","1","0","GL"
"213",213,3,"DJ Bravo","-1",15,"13","5","99","22*","12.37","82","120.73","0","0","1","11","1","GL"
"214",214,4,"ER Dwivedi","-1",4,"2","0","24","19","12.00","14","171.42","0","0","0","2","2","GL"
"215",215,5,"JP Faulkner","-1",7,"5","2","77","32","25.66","59","130.50","0","0","0","7","0","GL"
"216",216,6,"AJ Finch","-1",13,"12","2","393","74","39.30","299","131.43","0","5","2","45","11","GL"
"217",217,7,"Ishan Kishan","-1",5,"5","0","42","27","8.40","41","102.43","0","0","1","5","0","GL"
"218",218,8,"RA Jadeja","-1",15,"15","6","191","36*","21.22","177","107.90","0","0","1","14","4","GL"
"219",219,9,"SB Jakati","-1",6,"1","1","1","1*","-","2","50.00","0","0","0","0","0","GL"
"220",220,10,"KD Karthik","-1",16,"15","2","335","53","25.76","266","125.93","0","3","1","38","3","GL"
"221",221,11,"S Kaushik","-1",7,"2","1","0","0*","0.00","1","0.00","0","0","1","0","0","GL"
"222",222,12,"DS Kulkarni","-1",14,"5","3","27","10","13.50","16","168.75","0","0","0","3","0","GL"
"223",223,13,"P Kumar","-1",16,"7","3","24","15","6.00","26","92.30","0","0","1","3","0","GL"
"224",224,14,"BB McCullum","-1",16,"16","0","354","60","22.12","262","135.11","0","1","1","38","16","GL"
"225",225,15,"SK Raina","-1",15,"15","1","399","75","28.50","312","127.88","0","3","0","39","10","GL"
"226",226,16,"PJ Sangwan","-1",2,"-","-","-","-","-","-","-","-","-","-","-","-","GL"
"227",227,17,"DR Smith","-1",12,"12","1","324","73","29.45","221","146.60","0","3","1","35","16","GL"
"228",228,18,"DW Steyn","-1",1,"1","0","1","1","1.00","2","50.00","0","0","0","0","0","GL"
"229",229,19,"PV Tambe","-1",7,"1","1","7","7*","-","19","36.84","0","0","0","1","0","GL"
"230",230,1,"S Ladda","2011-2013",3,"-","-","-","-","-","-","-","-","-","-","-","-","KKR"
"231",231,2,"AB Agarkar","2008-2010",27,"17","9","160","39","20.00","132","121.21","0","0","0","12","5","KKR"
"232",232,3,"Anureet Singh","2009-2009",3,"-","-","-","-","-","-","-","-","-","-","-","-","KKR"
"233",233,4,"Azhar Mahmood","2015-2015",1,"1","0","6","6","6.00","7","85.71","0","0","0","1","0","KKR"
"234",234,5,"L Balaji","2011-2013",42,"5","4","13","9*","13.00","12","108.33","0","0","1","1","0","KKR"
"235",235,6,"SB Bangar","2009-2009",1,"1","0","2","2","2.00","9","22.22","0","0","0","0","0","KKR"
"236",236,7,"R Bhatia","2011-2013",54,"27","12","240","26*","16.00","219","109.58","0","0","0","19","6","KKR"
"237",237,8,"MS Bisla","2011-2014",38,"37","1","719","92","19.97","628","114.49","0","3","2","83","23","KKR"
"238",238,9,"SE Bond","2010-2010",8,"1","0","1","1","1.00","2","50.00","0","0","0","0","0","KKR"
"239",239,10,"J Botha","2015-2015",4,"3","0","31","17","10.33","15","206.66","0","0","0","5","1","KKR"
"240",240,11,"MV Boucher","2011-2011",4,"3","2","6","5","6.00","6","100.00","0","0","0","0","0","KKR"
"241",241,12,"KC Cariappa","2015-2015",1,"-","-","-","-","-","-","-","-","-","-","-","-","KKR"
"242",242,13,"PP Chawla","2014-2016",42,"18","8","121","22","12.10","95","127.36","0","0","4","15","3","KKR"
"243",243,14,"A Chopra","2008-2009",7,"6","0","53","24","8.83","71","74.64","0","0","0","7","0","KKR"
"244",244,15,"PJ Cummins","2014-2015",7,"3","1","8","8","4.00","10","80.00","0","0","1","0","0","KKR"
"245",245,16,"DB Das","2008-2013",33,"23","9","347","43*","24.78","280","123.92","0","0","1","29","18","KKR"
"246",246,17,"M de Lange","2012-2012",3,"-","-","-","-","-","-","-","-","-","-","-","-","KKR"
"247",247,18,"AB Dinda","2008-2010",29,"6","2","4","2","1.00","8","50.00","0","0","2","0","0","KKR"
"248",248,19,"P Dogra","2013-2013",1,"1","0","5","5","5.00","8","62.50","0","0","0","0","0","KKR"
"249",249,20,"G Gambhir","2011-2016",106,"105","10","2847","93","29.96","2293","124.16","0","26","12","321","48","KKR"
"250",250,21,"SC Ganguly","2008-2010",40,"38","2","1031","91","28.63","933","110.50","0","7","3","104","36","KKR"
"251",251,22,"RS Gavaskar","2010-2010",2,"1","0","2","2","2.00","8","25.00","0","0","0","0","0","KKR"
"252",252,23,"CH Gayle","2009-2010",16,"16","1","463","88","30.86","327","141.59","0","2","1","45","26","KKR"
"253",253,24,"AN Ghosh","2009-2009",2,"2","0","7","7","3.50","8","87.50","0","0","1","1","0","KKR"
"254",254,25,"SP Goswami","2011-2011",7,"6","1","51","22","10.20","54","94.44","0","0","1","5","0","KKR"
"255",255,26,"BJ Haddin","2011-2011",2,"2","0","60","42","30.00","38","157.89","0","0","0","7","3","KKR"
"256",256,27,"Harpreet Singh","2010-2010",1,"-","-","-","-","-","-","-","-","-","-","-","-","KKR"
"257",257,28,"JW Hastings","2016-2016",2,"-","-","-","-","-","-","-","-","-","-","-","-","KKR"
"258",258,29,"MC Henriques","2009-2009",4,"3","1","38","30*","19.00","40","95.00","0","0","0","2","1","KKR"
"259",259,30,"BJ Hodge","2008-2010",19,"19","3","476","73","29.75","417","114.14","0","4","2","47","10","KKR"
"260",260,31,"GB Hogg","2015-2016",11,"3","2","7","5","7.00","6","116.66","0","0","0","0","0","KKR"
"261",261,32,"JO Holder","2016-2016",4,"4","0","22","13","5.50","19","115.78","0","0","1","2","1","KKR"
"262",262,33,"DJ Hussey","2008-2010",23,"23","4","511","71","26.89","404","126.48","0","2","3","31","28","KKR"
"263",263,34,"Iqbal Abdulla","2008-2013",41,"10","10","37","12*","-","35","105.71","0","0","0","2","1","KKR"
"264",264,35,"JH Kallis","2011-2014",70,"67","10","1603","80*","28.12","1480","108.31","0","10","6","151","32","KKR"
"265",265,36,"M Kartik","2008-2010",26,"7","2","73","21","14.60","69","105.79","0","0","0","5","0","KKR"
"266",266,37,"Kuldeep Yadav","2014-2016",8,"-","-","-","-","-","-","-","-","-","-","-","-","KKR"
"267",267,38,"CK Langeveldt","2009-2010",4,"1","0","0","0","0.00","1","0.00","0","0","1","0","0","KKR"
"268",268,39,"B Lee","2011-2013",34,"12","4","83","25","10.37","55","150.90","0","0","1","4","7","KKR"
"269",269,40,"CA Lynn","2014-2016",4,"4","1","83","45","27.66","71","116.90","0","0","0","5","4","KKR"
"270",270,41,"BB McCullum","2008-2013",39,"38","3","958","158*","27.37","788","121.57","1","4","3","98","37","KKR"
"271",271,42,"R McLaren","2013-2013",2,"2","0","3","2","1.50","6","50.00","0","0","0","0","0","KKR"
"272",272,43,"Mandeep Singh","2010-2010",3,"2","0","4","4","2.00","11","36.36","0","0","1","1","0","KKR"
"273",273,44,"Mashrafe Mortaza","2009-2009",1,"1","1","2","2*","-","2","100.00","0","0","0","0","0","KKR"
"274",274,45,"AD Mathews","2009-2010",15,"12","4","249","65*","31.12","197","126.39","0","1","1","20","8","KKR"
"275",275,46,"BAW Mendis","2008-2010",7,"2","1","1","1*","1.00","2","50.00","0","0","1","0","0","KKR"
"276",276,47,"Mohammad Hafeez","2008-2008",8,"8","1","64","16","9.14","83","77.10","0","0","0","7","2","KKR"
"277",277,48,"Mohammed Shami","2011-2013",4,"1","0","5","5","5.00","10","50.00","0","0","0","0","0","KKR"
"278",278,49,"EJG Morgan","2011-2013",26,"22","2","444","66","22.20","357","124.36","0","2","1","45","16","KKR"
"279",279,50,"M Morkel","2014-2016",29,"5","5","9","4*","-","7","128.57","0","0","0","0","0","KKR"
"280",280,51,"C Munro","2016-2016",4,"3","0","30","16","10.00","30","100.00","0","0","0","3","0","KKR"
"281",281,52,"SP Narine","2012-2016",75,"19","12","48","13","6.85","57","84.21","0","0","2","2","2","KKR"
"282",282,53,"S Narwal","2013-2013",2,"1","0","23","23","23.00","15","153.33","0","0","0","4","0","KKR"
"283",283,54,"MK Pandey","2014-2016",46,"44","8","1046","94","29.05","829","126.17","0","5","4","90","34","KKR"
"284",284,55,"MB Parmar","2010-2010",1,"-","-","-","-","-","-","-","-","-","-","-","-","KKR"
"285",285,56,"YK Pathan","2011-2016",107,"92","32","1918","72","31.96","1401","136.90","0","6","7","149","87","KKR"
"286",286,57,"RT Ponting","2008-2008",4,"4","0","39","20","9.75","53","73.58","0","0","2","2","1","KKR"
"287",287,58,"CA Pujara","2010-2010",10,"6","2","122","45*","30.50","115","106.08","0","0","0","14","3","KKR"
"288",288,59,"AS Rajpoot","2016-2016",4,"-","-","-","-","-","-","-","-","-","-","-","-","KKR"
"289",289,60,"AD Russell","2014-2016",33,"25","4","581","66","27.66","327","177.67","0","4","0","49","39","KKR"
"290",290,61,"WP Saha","2008-2010",33,"24","13","298","59*","27.09","213","139.90","0","1","1","24","12","KKR"
"291",291,62,"Salman Butt","2008-2008",7,"7","0","193","73","27.57","161","119.87","0","1","0","30","2","KKR"
"292",292,63,"PJ Sangwan","2012-2013",5,"2","2","15","11*","-","14","107.14","0","0","0","2","0","KKR"
"293",293,64,"SS Sarkar","2009-2009",2,"-","-","-","-","-","-","-","-","-","-","-","-","KKR"
"294",294,65,"R Sathish","2016-2016",4,"3","0","24","10","8.00","24","100.00","0","0","0","1","1","KKR"
"295",295,66,"SMSM Senanayake","2013-2013",8,"4","3","10","7*","10.00","17","58.82","0","0","0","0","0","KKR"
"296",296,67,"OA Shah","2010-2010",5,"5","3","115","58*","57.50","95","121.05","0","1","0","7","5","KKR"
"297",297,68,"SS Shaikh","2009-2009",2,"1","0","6","6","6.00","7","85.71","0","0","0","1","0","KKR"
"298",298,69,"Shakib Al Hasan","2011-2016",48,"35","8","542","66*","20.07","430","126.04","0","2","2","46","17","KKR"
"299",299,70,"I Sharma","2008-2010",31,"11","7","33","9","8.25","41","80.48","0","0","1","2","1","KKR"
"300",300,71,"Shoaib Akhtar","2008-2008",3,"1","0","2","2","2.00","7","28.57","0","0","0","0","0","KKR"
"301",301,72,"LR Shukla","2008-2013",42,"31","7","374","48*","15.58","312","119.87","0","0","2","31","14","KKR"
"302",302,73,"T Taibu","2008-2008",3,"3","0","31","15","10.33","26","119.23","0","0","0","3","0","KKR"
"303",303,74,"RN ten Doeschate","2011-2015",41,"29","9","485","70*","24.25","357","135.85","0","2","4","35","22","KKR"
"304",304,75,"MK Tiwary","2010-2013",64,"56","16","1136","75*","28.40","1029","110.39","0","4","6","94","26","KKR"
"305",305,76,"Umar Gul","2008-2008",6,"4","1","39","24","13.00","19","205.26","0","0","0","1","5","KKR"
"306",306,77,"JD Unadkat","2010-2016",15,"-","-","-","-","-","-","-","-","-","-","-","-","KKR"
"307",307,78,"RV Uthappa","2014-2016",49,"49","3","1628","85*","35.39","1205","135.10","0","10","2","189","36","KKR"
"308",308,79,"MN van Wyk","2009-2009",5,"5","2","167","74","55.66","132","126.51","0","1","1","19","1","KKR"
"309",309,80,"R Vinay Kumar","2014-2014",9,"4","2","4","4","2.00","6","66.66","0","0","1","0","0","KKR"
"310",310,81,"SA Yadav","2014-2016",50,"38","15","579","60","25.17","416","139.18","0","1","2","49","24","KKR"
"311",311,82,"UT Yadav","2014-2016",34,"7","4","40","24*","13.33","23","173.91","0","0","1","5","2","KKR"
"312",312,83,"Yashpal Singh","2009-2009",8,"4","0","47","20","11.75","66","71.21","0","0","0","5","0","KKR"
"313",313,1,"KJ Abbott","2016-2016",5,"3","2","13","12*","13.00","8","162.50","0","0","1","0","1","KXIP"
"314",314,2,"YA Abdulla","2009-2010",11,"1","1","0","0*","-","1","0.00","0","0","0","0","0","KXIP"
"315",315,3,"L Ablish","2010-2011",3,"1","1","0","0*","-","2","0.00","0","0","0","0","0","KXIP"
"316",316,4,"HM Amla","2016-2016",6,"6","0","157","96","26.16","119","131.93","0","1","1","20","4","KXIP"
"317",317,5,"Anureet Singh","2014-2016",21,"7","3","34","16","8.50","41","82.92","0","0","2","0","3","KXIP"
"318",318,6,"P Awana","2012-2014",38,"8","5","5","4*","1.66","16","31.25","0","0","3","0","0","KXIP"
"319",319,7,"Azhar Mahmood","2012-2013",22,"20","2","382","80","21.22","296","129.05","0","2","2","38","13","KXIP"
"320",320,8,"GJ Bailey","2014-2015",35,"33","10","581","61*","25.26","437","132.95","0","2","0","49","17","KXIP"
"321",321,9,"L Balaji","2014-2014",9,"2","1","1","1*","1.00","3","33.33","0","0","1","0","0","KXIP"
"322",322,10,"AB Barath","2010-2010",3,"3","1","42","33","21.00","42","100.00","0","0","0","5","1","KXIP"
"323",323,11,"F Behardien","2016-2016",3,"3","1","14","9*","7.00","13","107.69","0","0","1","2","0","KXIP"
"324",324,12,"BA Bhatt","2011-2013",17,"2","1","6","6*","6.00","7","85.71","0","0","1","0","1","KXIP"
"325",325,13,"Bipul Sharma","2010-2013",15,"9","5","104","35*","26.00","72","144.44","0","0","0","8","3","KXIP"
"326",326,14,"MS Bisla","2010-2010",10,"10","0","218","75","21.80","178","122.47","0","1","1","27","6","KXIP"
"327",327,15,"RS Bopara","2009-2010",15,"14","1","386","84","29.69","333","115.91","0","3","1","33","10","KXIP"
"328",328,16,"RR Bose","2009-2009",1,"-","-","-","-","-","-","-","-","-","-","-","-","KXIP"
"329",329,17,"KC Cariappa","2016-2016",5,"2","1","13","12*","13.00","11","118.18","0","0","0","0","1","KXIP"
"330",330,18,"PP Chawla","2008-2013",87,"52","21","401","24*","12.93","355","112.95","0","0","7","36","12","KXIP"
"331",331,19,"SD Chitnis","2011-2012",7,"5","1","75","38","18.75","71","105.63","0","0","0","8","1","KXIP"
"332",332,20,"P Dharmani","2008-2008",1,"-","-","-","-","-","-","-","-","-","-","-","-","KXIP"
"333",333,21,"R Dhawan","2014-2016",20,"13","9","132","25*","33.00","114","115.78","0","0","0","10","4","KXIP"
"334",334,22,"P Dogra","2012-2012",3,"3","1","15","6","7.50","24","62.50","0","0","0","0","0","KXIP"
"335",335,23,"JP Faulkner","2012-2012",2,"2","1","14","11*","14.00","13","107.69","0","0","0","0","0","KXIP"
"336",336,24,"Gagandeep Singh","2008-2008",4,"-","-","-","-","-","-","-","-","-","-","-","-","KXIP"
"337",337,25,"AC Gilchrist","2011-2013",34,"34","3","849","106","27.38","667","127.28","1","4","3","103","28","KXIP"
"338",338,26,"K Goel","2008-2010",22,"17","2","218","38","14.53","231","94.37","0","0","2","17","9","KXIP"
"339",339,27,"MS Gony","2013-2013",8,"5","1","45","42","11.25","25","180.00","0","0","2","4","3","KXIP"
"340",340,28,"Gurkeerat Singh","2012-2016",28,"24","3","342","51","16.28","272","125.73","0","1","4","36","9","KXIP"
"341",341,29,"Harmeet Singh","2012-2013",10,"3","1","18","14","9.00","11","163.63","0","0","0","3","0","KXIP"
"342",342,30,"RJ Harris","2011-2013",21,"11","4","51","17","7.28","55","92.72","0","0","2","4","1","KXIP"
"343",343,31,"BE Hendricks","2014-2015",7,"3","2","1","1*","1.00","3","33.33","0","0","1","0","0","KXIP"
"344",344,32,"JR Hopes","2008-2008",11,"11","0","221","71","20.09","148","149.32","0","2","1","27","8","KXIP"
"345",345,33,"DJ Hussey","2011-2013",36,"34","6","695","68*","24.82","577","120.45","0","2","1","51","26","KXIP"
"346",346,34,"DPMD Jayawardene","2008-2010",36,"35","12","837","110*","36.39","594","140.90","1","2","1","87","25","KXIP"
"347",347,35,"MG Johnson","2014-2016",26,"19","10","92","16*","10.22","100","92.00","0","0","2","5","4","KXIP"
"348",348,36,"M Kaif","2010-2010",4,"3","0","28","14","9.33","30","93.33","0","0","0","2","0","KXIP"
"349",349,37,"Karanveer Singh","2014-2015",14,"5","4","29","17*","29.00","42","69.04","0","0","0","2","0","KXIP"
"350",350,38,"KD Karthik","2011-2011",14,"13","2","282","69","25.63","220","128.18","0","1","1","32","7","KXIP"
"351",351,39,"M Kartik","2014-2014",2,"-","-","-","-","-","-","-","-","-","-","-","-","KXIP"
"352",352,40,"SM Katich","2008-2009",11,"11","1","241","75","24.10","186","129.56","0","2","1","25","8","KXIP"
"353",353,41,"U Kaul","2008-2008",5,"1","1","0","0*","-","1","0.00","0","0","0","0","0","KXIP"
"354",354,42,"T Kohli","2009-2009",2,"2","1","1","1","1.00","4","25.00","0","0","0","0","0","KXIP"
"355",355,43,"P Kumar","2011-2013",44,"21","9","109","24","9.08","100","109.00","0","0","3","7","5","KXIP"
"356",356,44,"B Lee","2008-2010",13,"10","6","56","16*","14.00","56","100.00","0","0","1","5","2","KXIP"
"357",357,45,"R McLaren","2011-2011",6,"4","1","90","51*","30.00","96","93.75","0","1","0","7","1","KXIP"
"358",358,46,"VS Malik","2009-2011",9,"1","0","6","6","6.00","5","120.00","0","0","0","1","0","KXIP"
"359",359,47,"Mandeep Singh","2011-2014",41,"38","2","763","77*","21.19","632","120.72","0","3","4","95","8","KXIP"
"360",360,48,"SE Marsh","2008-2016",62,"61","7","2213","115","40.98","1672","132.35","1","18","1","230","73","KXIP"
"361",361,49,"AD Mascarenhas","2012-2013",5,"4","1","19","9","6.33","21","90.47","0","0","1","1","0","KXIP"
"362",362,50,"GJ Maxwell","2014-2016",43,"43","2","965","95","23.53","592","163.00","0","6","6","83","56","KXIP"
"363",363,51,"DA Miller","2012-2016",66,"65","22","1604","101*","37.30","1108","144.76","1","8","2","112","78","KXIP"
"364",364,52,"WA Mota","2008-2009",12,"8","2","56","25","9.33","75","74.66","0","0","0","2","0","KXIP"
"365",365,53,"NS Naik","2016-2016",2,"2","0","23","22","11.50","31","74.19","0","0","0","1","0","KXIP"
"366",366,54,"AM Nayar","2011-2012",14,"13","3","106","24","10.60","116","91.37","0","0","2","11","1","KXIP"
"367",367,55,"MG Neser","2013-2013",1,"-","-","-","-","-","-","-","-","-","-","-","-","KXIP"
"368",368,56,"AR Patel","2014-2016",50,"32","9","433","42*","18.82","338","128.10","0","0","3","30","19","KXIP"
"369",369,57,"IK Pathan","2008-2010",42,"35","11","603","60","25.12","460","131.08","0","1","1","47","22","KXIP"
"370",370,58,"NLTC Perera","2014-2015",7,"6","1","63","35*","12.60","50","126.00","0","0","2","5","3","KXIP"
"371",371,59,"LA Pomersbach","2008-2013",12,"12","5","251","79*","35.85","207","121.25","0","1","0","21","11","KXIP"
"372",372,60,"RR Powar","2008-2012",22,"7","5","56","28*","28.00","51","109.80","0","0","0","6","1","KXIP"
"373",373,61,"CA Pujara","2014-2014",6,"6","1","125","40*","25.00","124","100.80","0","0","0","17","0","KXIP"
"374",374,62,"NJ Rimmington","2011-2011",1,"1","1","1","1*","-","1","100.00","0","0","0","0","0","KXIP"
"375",375,63,"WP Saha","2014-2016",48,"43","5","956","115*","25.15","725","131.86","1","4","0","84","30","KXIP"
"376",376,64,"P Sahu","2016-2016",5,"2","1","19","18*","19.00","13","146.15","0","0","0","1","1","KXIP"
"377",377,65,"N Saini","2012-2012",10,"10","0","140","50","14.00","141","99.29","0","1","0","16","0","KXIP"
"378",378,66,"Sandeep Sharma","2013-2016",43,"9","8","19","7","19.00","29","65.51","0","0","0","1","0","KXIP"
"379",379,67,"KC Sangakkara","2008-2010",37,"34","2","1009","94","31.53","779","129.52","0","8","2","117","18","KXIP"
"380",380,68,"RR Sarwan","2008-2008",4,"4","0","73","31","18.25","75","97.33","0","0","0","6","1","KXIP"
"381",381,69,"R Sathish","2013-2013",9,"8","3","109","27*","21.80","77","141.55","0","0","1","9","5","KXIP"
"382",382,70,"V Sehwag","2014-2015",30,"30","0","660","122","22.00","493","133.87","1","2","3","79","23","KXIP"
"383",383,71,"MM Sharma","2016-2016",14,"6","2","32","15","8.00","26","123.07","0","0","0","3","1","KXIP"
"384",384,72,"Shivam Sharma","2014-2015",5,"2","1","5","4","5.00","3","166.66","0","0","0","1","0","KXIP"
"385",385,73,"VRV Singh","2008-2010",19,"2","0","4","4","2.00","3","133.33","0","0","1","1","0","KXIP"
"386",386,74,"RS Sodhi","2010-2010",3,"1","1","4","4*","-","2","200.00","0","0","0","1","0","KXIP"
"387",387,75,"S Sohal","2008-2010",11,"10","0","119","43","11.90","101","117.82","0","0","2","9","8","KXIP"
"388",388,76,"S Sreesanth","2008-2010",28,"8","7","32","15*","32.00","42","76.19","0","0","1","6","0","KXIP"
"389",389,77,"SJ Srivastava","2010-2011",14,"4","3","5","3*","5.00","5","100.00","0","0","1","0","0","KXIP"
"390",390,78,"TM Srivastava","2008-2009",7,"3","2","8","7","8.00","11","72.72","0","0","0","0","0","KXIP"
"391",391,79,"MP Stoinis","2016-2016",7,"5","1","146","52","36.50","108","135.18","0","1","1","13","4","KXIP"
"392",392,80,"Sunny Singh","2011-2011",6,"5","1","43","20","10.75","31","138.70","0","0","0","6","1","KXIP"
"393",393,81,"Swapnil Singh","2016-2016",1,"1","0","0","0","0.00","1","0.00","0","0","1","0","0","KXIP"
"394",394,82,"SN Thakur","2015-2015",1,"1","1","7","7*","-","6","116.66","0","0","0","1","0","KXIP"
"395",395,83,"J Theron","2010-2010",7,"2","0","2","2","1.00","5","40.00","0","0","1","0","0","KXIP"
"396",396,84,"PC Valthaty","2011-2013",21,"21","1","499","120*","24.95","406","122.90","1","2","1","59","20","KXIP"
"397",397,85,"M Vijay","2015-2016",25,"25","1","704","89","29.33","592","118.91","0","5","1","77","18","KXIP"
"398",398,86,"M Vohra","2013-2016",39,"37","2","877","67","25.05","666","131.68","0","3","2","92","30","KXIP"
"399",399,87,"Yuvraj Singh","2008-2010",43,"42","5","894","58*","24.16","677","132.05","0","3","0","69","49","KXIP"
"400",400,1,"AN Ahmed","2010-2013",17,"4","4","24","18*","-","24","100.00","0","0","0","1","1","MI"
"401",401,2,"CJ Anderson","2014-2015",16,"15","3","379","95*","31.58","278","136.33","0","3","0","32","21","MI"
"402",402,3,"STR Binny","2010-2010",1,"1","0","8","8","8.00","5","160.00","0","0","0","1","0","MI"
"403",403,4,"AC Blizzard","2011-2012",13,"13","0","227","54","17.46","189","120.10","0","2","1","31","7","MI"
"404",404,5,"DJ Bravo","2008-2010",33,"27","4","508","70*","22.08","419","121.24","0","3","0","45","19","MI"
"405",405,6,"JJ Bumrah","2013-2016",34,"5","4","9","6","9.00","14","64.28","0","0","0","1","0","MI"
"406",406,7,"JC Buttler","2016-2016",14,"14","3","255","41","23.18","184","138.58","0","0","1","23","11","MI"
"407",407,8,"YS Chahal","2011-2013",7,"2","1","4","2*","4.00","5","80.00","0","0","0","0","0","MI"
"408",408,9,"UBT Chand","2015-2016",7,"6","0","102","58","17.00","87","117.24","0","1","1","13","2","MI"
"409",409,10,"SD Chitnis","2008-2008",3,"2","0","18","15","9.00","10","180.00","0","0","0","1","1","MI"
"410",410,11,"NM Coulter-Nile","2013-2013",6,"2","1","21","12*","21.00","11","190.90","0","0","0","1","2","MI"
"411",411,12,"M de Lange","2014-2015",2,"1","0","1","1","1.00","2","50.00","0","0","0","0","0","MI"
"412",412,13,"R Dhawan","2013-2013",11,"5","2","21","14","7.00","21","100.00","0","0","1","3","0","MI"
"413",413,14,"S Dhawan","2009-2010",19,"18","0","345","56","19.16","326","105.82","0","2","1","33","8","MI"
"414",414,15,"JP Duminy","2009-2010",24,"23","6","586","62","34.47","508","115.35","0","5","1","43","17","MI"
"415",415,16,"BR Dunk","2014-2014",3,"3","0","40","20","13.33","35","114.28","0","0","0","7","0","MI"
"416",416,17,"CRD Fernando","2008-2010",10,"2","2","4","2*","-","3","133.33","0","0","0","0","0","MI"
"417",417,18,"AJ Finch","2015-2015",3,"3","1","23","10*","11.50","33","69.69","0","0","0","4","0","MI"
"418",418,19,"JEC Franklin","2011-2012",25,"21","6","434","79","28.93","410","105.85","0","1","1","32","12","MI"
"419",419,20,"CM Gautam","2014-2014",9,"9","2","121","33","17.28","111","109.00","0","0","0","13","5","MI"
"420",420,21,"HH Gibbs","2012-2012",3,"3","1","81","66*","40.50","88","92.04","0","1","0","8","2","MI"
"421",421,22,"S Gopal","2014-2016",8,"4","1","38","24","12.66","39","97.43","0","0","0","3","1","MI"
"422",422,23,"MJ Guptill","2016-2016",3,"3","0","57","48","19.00","55","103.63","0","0","0","3","3","MI"
"423",423,24,"Harbhajan Singh","2008-2016",147,"92","36","931","64","16.62","654","142.35","0","1","13","89","48","MI"
"424",424,25,"MEK Hussey","2014-2014",12,"12","0","304","60","25.33","260","116.92","0","3","0","25","11","MI"
"425",425,26,"DJ Jacobs","2011-2012",8,"8","0","110","32","13.75","113","97.34","0","0","1","13","4","MI"
"426",426,27,"ST Jayasuriya","2008-2010",30,"30","2","768","114*","27.42","532","144.36","1","4","2","84","39","MI"
"427",427,28,"MG Johnson","2012-2013",23,"9","4","74","30","14.80","71","104.22","0","0","0","6","2","MI"
"428",428,29,"S Kanwar","2011-2011",4,"4","0","65","45","16.25","45","144.44","0","0","0","5","6","MI"
"429",429,30,"KD Karthik","2012-2013",45,"41","5","934","86","25.94","760","122.89","0","3","3","98","28","MI"
"430",430,31,"Z Khan","2009-2014",30,"14","11","40","23*","13.33","32","125.00","0","0","1","3","2","MI"
"431",431,32,"MA Khote","2008-2008",4,"3","1","24","9","12.00","22","109.09","0","0","0","2","1","MI"
"432",432,33,"DS Kulkarni","2008-2013",36,"8","5","23","10*","7.66","42","54.76","0","0","0","2","0","MI"
"433",433,34,"P Kumar","2014-2014",4,"2","1","21","20*","21.00","16","131.25","0","0","0","3","0","MI"
"434",434,35,"RE Levi","2012-2012",6,"6","0","83","50","13.83","73","113.69","0","1","2","10","4","MI"
"435",435,36,"MJ McClenaghan","2015-2016",26,"8","4","47","20","11.75","29","162.06","0","0","1","2","5","MI"
"436",436,37,"CJ McKay","2012-2012",2,"1","0","8","8","8.00","15","53.33","0","0","0","0","0","MI"
"437",437,38,"R McLaren","2010-2010",11,"8","5","67","40","22.33","70","95.71","0","0","1","7","0","MI"
"438",438,39,"C Madan","2010-2010",1,"1","0","15","15","15.00","19","78.94","0","0","0","3","0","MI"
"439",439,40,"SL Malinga","2009-2015",115,"31","11","171","37*","8.55","146","117.12","0","0","6","13","11","MI"
"440",440,41,"GJ Maxwell","2013-2013",5,"5","1","83","37","20.75","48","172.91","0","0","1","7","6","MI"
"441",441,42,"Mohammad Ashraful","2009-2009",1,"1","0","2","2","2.00","10","20.00","0","0","0","0","0","MI"
"442",442,43,"AG Murtaza","2010-2011",11,"1","1","2","2*","-","5","40.00","0","0","0","0","0","MI"
"443",443,44,"C Nanda","2009-2009",3,"1","0","0","0","0.00","1","0.00","0","0","1","0","0","MI"
"444",444,45,"GR Napier","2009-2009",1,"1","0","15","15","15.00","16","93.75","0","0","0","1","0","MI"
"445",445,46,"AM Nayar","2008-2010",30,"24","5","457","45*","24.05","341","134.01","0","0","0","34","18","MI"
"446",446,47,"A Nehra","2008-2008",14,"4","3","3","2*","3.00","13","23.07","0","0","1","0","0","MI"
"447",447,48,"A Nel","2008-2008",1,"1","0","0","0","0.00","0","-","0","0","1","0","0","MI"
"448",448,49,"PP Ojha","2012-2015",50,"11","7","11","3","2.75","27","40.74","0","0","1","0","0","MI"
"449",449,50,"JDP Oram","2013-2013",1,"-","-","-","-","-","-","-","-","-","-","-","-","MI"
"450",450,51,"MK Pandey","2008-2008",3,"2","0","3","3","1.50","9","33.33","0","0","1","0","0","MI"
"451",451,52,"HH Pandya","2015-2016",20,"17","5","156","61*","13.00","125","124.80","0","1","2","13","8","MI"
"452",452,53,"KH Pandya","2016-2016",12,"9","3","237","86","39.50","124","191.12","0","1","0","22","13","MI"
"453",453,54,"MM Patel","2011-2013",32,"5","4","2","1*","2.00","8","25.00","0","0","1","0","0","MI"
"454",454,55,"PA Patel","2015-2016",24,"24","1","516","81","22.43","398","129.64","0","3","3","70","9","MI"
"455",455,56,"RV Pawar","2008-2008",1,"-","-","-","-","-","-","-","-","-","-","-","-","MI"
"456",456,57,"NLTC Perera","2012-2012",3,"3","1","6","4*","3.00","13","46.15","0","0","1","0","0","MI"
"457",457,58,"RJ Peterson","2012-2012",5,"5","2","32","16*","10.66","30","106.66","0","0","1","3","1","MI"
"458",458,59,"KA Pollard","2010-2016",128,"119","34","2461","78","28.95","1670","147.36","0","11","3","163","160","MI"
"459",459,60,"SM Pollock","2008-2008",13,"8","0","147","33","18.37","111","132.43","0","0","2","12","8","MI"
"460",460,61,"RT Ponting","2013-2013",6,"5","0","52","28","10.40","75","69.33","0","0","1","3","1","MI"
"461",461,62,"RW Price","2011-2011",1,"-","-","-","-","-","-","-","-","-","-","-","-","MI"
"462",462,63,"AM Rahane","2008-2009",10,"9","1","148","62*","18.50","140","105.71","0","2","2","13","3","MI"
"463",463,64,"RR Raje","2008-2009",10,"5","4","20","11*","20.00","18","111.11","0","0","0","1","1","MI"
"464",464,65,"N Rana","2016-2016",4,"3","0","104","70","34.66","75","138.66","0","1","0","7","8","MI"
"465",465,66,"AT Rayudu","2010-2016",131,"122","19","2544","81*","24.69","2058","123.61","0","13","9","214","81","MI"
"466",466,67,"L Ronchi","2008-2009",5,"5","0","34","13","6.80","34","100.00","0","0","1","6","1","MI"
"467",467,68,"K Santokie","2014-2014",2,"-","-","-","-","-","-","-","-","-","-","-","-","MI"
"468",468,69,"R Sathish","2010-2011",28,"20","6","223","25*","15.92","206","108.25","0","0","1","18","4","MI"
"469",469,70,"Jalaj S Saxena","2014-2014",3,"2","0","10","10","5.00","9","111.11","0","0","1","0","1","MI"
"470",470,71,"PR Shah","2008-2009",14,"9","2","87","29","12.42","86","101.16","0","0","1","8","2","MI"
"471",471,72,"RA Shaikh","2009-2009",1,"-","-","-","-","-","-","-","-","-","-","-","-","MI"
"472",472,73,"RG Sharma","2011-2016",106,"103","18","2977","109*","35.02","2260","131.72","1","22","6","245","128","MI"
"473",473,74,"R Shukla","2012-2012",1,"-","-","-","-","-","-","-","-","-","-","-","-","MI"
"474",474,75,"LMP Simmons","2014-2016",25,"25","3","1038","100*","47.18","822","126.27","1","10","1","113","37","MI"
"475",475,76,"RP Singh","2012-2012",11,"5","3","6","3","3.00","12","50.00","0","0","1","0","0","MI"
"476",476,77,"DR Smith","2008-2013",33,"31","3","945","87*","33.75","722","130.88","0","7","2","97","41","MI"
"477",477,78,"TG Southee","2016-2016",11,"4","1","30","25","10.00","19","157.89","0","0","0","1","2","MI"
"478",478,79,"J Suchith","2015-2016",14,"6","5","48","34*","48.00","32","150.00","0","0","0","4","2","MI"
"479",479,80,"TL Suman","2011-2012",12,"11","1","95","36","9.50","90","105.55","0","0","0","7","6","MI"
"480",480,81,"P Suyal","2013-2015",5,"-","-","-","-","-","-","-","-","-","-","-","-","MI"
"481",481,82,"A Symonds","2011-2011",15,"13","6","161","44*","23.00","169","95.26","0","0","1","13","3","MI"
"482",482,83,"YV Takawale","2008-2009",11,"5","2","88","27","29.33","87","101.14","0","0","0","9","2","MI"
"483",483,84,"AP Tare","2010-2015",32,"25","4","357","59","17.00","281","127.04","0","1","2","39","13","MI"
"484",484,85,"SR Tendulkar","2008-2013",91,"91","11","2599","100*","32.48","2191","118.62","1","14","5","329","33","MI"
"485",485,86,"DJ Thornely","2008-2008",6,"4","2","39","30","19.50","53","73.58","0","0","0","2","2","MI"
"486",486,87,"SS Tiwary","2008-2010",26,"23","4","540","61","28.42","399","135.33","0","3","2","36","24","MI"
"487",487,88,"RV Uthappa","2008-2008",14,"14","5","320","48","35.55","279","114.69","0","0","0","34","9","MI"
"488",488,89,"R Vinay Kumar","2015-2016",16,"5","3","13","12","6.50","14","92.85","0","0","1","0","1","MI"
"489",489,90,"SA Yadav","2011-2012",3,"3","1","47","24","23.50","40","117.50","0","0","1","5","1","MI"
"490",490,91,"VS Yeligati","2008-2008",2,"1","0","2","2","2.00","2","100.00","0","0","0","0","0","MI"
"491",491,1,"VR Aaron","2014-2016",24,"5","4","41","17*","41.00","37","110.81","0","0","0","2","2","RCB"
"492",492,2,"SA Abbott","2015-2015",2,"2","0","15","14","7.50","13","115.38","0","0","0","1","1","RCB"
"493",493,3,"Abdur Razzak","2008-2008",1,"1","1","0","0*","-","2","0.00","0","0","0","0","0","RCB"
"494",494,4,"MA Agarwal","2011-2013",35,"30","1","492","64*","16.96","382","128.79","0","1","2","43","28","RCB"
"495",495,5,"AN Ahmed","2014-2015",7,"4","3","14","5*","14.00","6","233.33","0","0","0","3","0","RCB"
"496",496,6,"B Akhil","2008-2010",18,"11","6","81","27*","16.20","59","137.28","0","0","2","7","4","RCB"
"497",497,7,"KP Appanna","2009-2012",14,"3","2","2","1*","2.00","4","50.00","0","0","0","0","0","RCB"
"498",498,8,"S Aravind","2011-2016",34,"8","7","38","14*","38.00","26","146.15","0","0","0","6","0","RCB"
"499",499,9,"KB Arun Karthik","2011-2013",20,"10","4","67","19*","11.16","58","115.51","0","0","2","4","3","RCB"
"500",500,10,"J Arunkumar","2008-2008",3,"3","0","23","22","7.66","23","100.00","0","0","1","5","0","RCB"
"501",501,11,"RR Bhatkal","2011-2012",6,"5","1","36","25","9.00","34","105.88","0","0","1","2","1","RCB"
"502",502,12,"STR Binny","2016-2016",14,"6","2","63","21","15.75","39","161.53","0","0","0","5","4","RCB"
"503",503,13,"R Bishnoi","2009-2009",3,"3","0","19","18","6.33","17","111.76","0","0","1","1","2","RCB"
"504",504,14,"MS Bisla","2015-2015",2,"2","0","37","20","18.50","30","123.33","0","0","0","6","1","RCB"
"505",505,15,"MV Boucher","2008-2010",31,"22","8","393","50*","28.07","315","124.76","0","1","0","32","13","RCB"
"506",506,16,"YS Chahal","2014-2016",42,"4","4","2","1*","-","2","100.00","0","0","0","0","0","RCB"
"507",507,17,"S Chanderpaul","2008-2008",3,"3","0","25","16","8.33","31","80.64","0","0","0","4","0","RCB"
"508",508,18,"B Chipli","2008-2008",3,"3","0","20","10","6.66","28","71.42","0","0","0","3","0","RCB"
"509",509,19,"DT Christian","2013-2013",2,"2","0","6","4","3.00","15","40.00","0","0","0","0","0","RCB"
"510",510,20,"AB de Villiers","2011-2016",93,"84","21","2617","133*","41.53","1634","160.15","2","18","6","225","130","RCB"
"511",511,21,"TM Dilshan","2011-2013",30,"29","3","733","76*","28.19","647","113.29","0","6","3","99","11","RCB"
"512",512,22,"AB Dinda","2014-2015",11,"3","2","4","2*","4.00","12","33.33","0","0","1","0","0","RCB"
"513",513,23,"ND Doshi","2010-2010",2,"-","-","-","-","-","-","-","-","-","-","-","-","RCB"
"514",514,24,"R Dravid","2008-2010",52,"45","5","1132","75*","28.30","946","119.66","0","5","4","121","20","RCB"
"515",515,25,"D du Preez","2009-2010",5,"3","0","57","46","19.00","39","146.15","0","0","0","1","4","RCB"
"516",516,26,"CH Gayle","2011-2016",82,"81","11","3220","175*","46.00","2052","156.92","5","20","3","248","249","RCB"
"517",517,27,"SP Goswami","2008-2010",7,"6","0","143","52","23.83","155","92.25","0","1","0","17","1","RCB"
"518",518,28,"TM Head","2016-2016",3,"3","1","54","37","27.00","40","135.00","0","0","0","3","2","RCB"
"519",519,29,"MC Henriques","2013-2013",10,"9","5","165","44","41.25","125","132.00","0","0","0","20","3","RCB"
"520",520,30,"Iqbal Abdulla","2015-2016",13,"4","2","57","33*","28.50","45","126.66","0","0","1","8","1","RCB"
"521",521,31,"KM Jadhav","2016-2016",4,"3","3","42","25*","-","32","131.25","0","0","0","2","2","RCB"
"522",522,32,"W Jaffer","2008-2009",8,"8","0","130","50","16.25","121","107.43","0","1","1","14","3","RCB"
"523",523,33,"SB Jakati","2014-2014",1,"-","-","-","-","-","-","-","-","-","-","-","-","RCB"
"524",524,34,"CJ Jordan","2016-2016",9,"1","0","3","3","3.00","4","75.00","0","0","0","0","0","RCB"
"525",525,35,"SB Joshi","2008-2008",4,"2","0","6","3","3.00","14","42.85","0","0","0","0","0","RCB"
"526",526,36,"M Kaif","2011-2012",13,"9","2","102","26","14.57","93","109.67","0","0","0","9","2","RCB"
"527",527,37,"JH Kallis","2008-2010",46,"46","8","1271","89*","33.44","1123","113.17","0","11","4","139","24","RCB"
"528",528,38,"KD Karthik","2015-2015",16,"11","0","141","28","12.81","117","120.51","0","0","0","15","4","RCB"
"529",529,39,"M Kartik","2013-2013",11,"2","1","2","2*","2.00","3","66.66","0","0","1","0","0","RCB"
"530",530,40,"AA Kazi","2011-2011",1,"-","-","-","-","-","-","-","-","-","-","-","-","RCB"
"531",531,41,"SN Khan","2015-2016",18,"12","6","177","45*","29.50","102","173.52","0","0","0","19","6","RCB"
"532",532,42,"Z Khan","2008-2013",44,"15","7","67","21","8.37","84","79.76","0","0","4","7","0","RCB"
"533",533,43,"V Kohli","2008-2016",154,"145","26","4534","113","38.10","3433","132.07","4","28","6","404","162","RCB"
"534",534,44,"B Kumar","2009-2009",1,"-","-","-","-","-","-","-","-","-","-","-","-","RCB"
"535",535,45,"P Kumar","2008-2010",47,"26","7","202","34","10.63","166","121.68","0","0","4","12","14","RCB"
"536",536,46,"A Kumble","2008-2010",51,"19","16","37","8","12.33","50","74.00","0","0","0","3","0","RCB"
"537",537,47,"CK Langeveldt","2011-2011",3,"1","0","8","8","8.00","8","100.00","0","0","0","0","1","RCB"
"538",538,48,"AB McDonald","2012-2013",5,"4","1","47","30","15.66","37","127.02","0","0","1","6","2","RCB"
"539",539,49,"NJ Maddinson","2014-2015",3,"3","0","20","12","6.66","21","95.23","0","0","0","4","0","RCB"
"540",540,50,"Mandeep Singh","2015-2016",15,"9","2","157","54*","22.42","100","157.00","0","1","2","17","6","RCB"
"541",541,51,"AF Milne","2016-2016",1,"-","-","-","-","-","-","-","-","-","-","-","-","RCB"
"542",542,52,"Misbah-ul-Haq","2008-2008",8,"8","1","117","47*","16.71","81","144.44","0","0","2","10","6","RCB"
"543",543,53,"A Mithun","2009-2013",17,"9","3","38","11","6.33","29","131.03","0","0","1","5","1","RCB"
"544",544,54,"EJG Morgan","2010-2010",6,"4","1","35","17","11.66","30","116.66","0","0","0","2","1","RCB"
"545",545,55,"JA Morkel","2014-2014",7,"5","2","45","16","15.00","41","109.75","0","0","0","1","3","RCB"
"546",546,56,"A Mukund","2013-2013",1,"1","0","19","19","19.00","21","90.47","0","0","0","1","0","RCB"
"547",547,57,"M Muralitharan","2012-2014",21,"2","0","6","6","3.00","9","66.66","0","0","1","0","0","RCB"
"548",548,58,"KK Nair","2013-2013",2,"2","0","9","9","4.50","12","75.00","0","0","1","0","0","RCB"
"549",549,59,"DP Nannes","2011-2011",8,"1","1","0","0*","-","1","0.00","0","0","0","0","0","RCB"
"550",550,60,"R Ninan","2011-2011",2,"1","0","3","3","3.00","6","50.00","0","0","0","0","0","RCB"
"551",551,61,"AA Noffke","2008-2008",1,"1","0","9","9","9.00","10","90.00","0","0","0","1","0","RCB"
"552",552,62,"MK Pandey","2009-2010",24,"23","5","569","114*","31.61","475","119.78","1","1","2","62","14","RCB"
"553",553,63,"Pankaj Singh","2009-2010",5,"3","1","2","1*","1.00","4","50.00","0","0","1","0","0","RCB"
"554",554,64,"P Parameswaran","2012-2012",3,"1","1","0","0*","-","1","0.00","0","0","0","0","0","RCB"
"555",555,65,"Parvez Rasool","2016-2016",4,"1","0","10","10","10.00","9","111.11","0","0","0","1","0","RCB"
"556",556,66,"HV Patel","2012-2016",35,"14","5","47","10","5.22","34","138.23","0","0","3","2","3","RCB"
"557",557,67,"PA Patel","2014-2014",12,"12","2","205","57*","20.50","185","110.81","0","1","0","30","1","RCB"
"558",558,68,"AUK Pathan","2011-2012",8,"7","2","39","14","7.80","23","169.56","0","0","2","5","2","RCB"
"559",559,69,"DT Patil","2008-2008",2,"2","0","13","9","6.50","13","100.00","0","0","0","1","0","RCB"
"560",560,70,"KP Pietersen","2009-2010",13,"13","3","329","66*","32.90","242","135.95","0","2","2","31","10","RCB"
"561",561,71,"LA Pomersbach","2011-2011",5,"4","0","51","29","12.75","39","130.76","0","0","0","4","2","RCB"
"562",562,72,"CA Pujara","2011-2013",14,"10","0","143","51","14.30","152","94.07","0","1","1","19","1","RCB"
"563",563,73,"KL Rahul","2013-2016",19,"14","3","417","68*","37.90","287","145.29","0","4","1","41","16","RCB"
"564",564,74,"R Rampaul","2013-2014",12,"7","2","51","23*","10.20","50","102.00","0","0","3","3","2","RCB"
"565",565,75,"S Rana","2014-2014",9,"7","4","73","19*","24.33","65","112.30","0","0","0","7","1","RCB"
"566",566,76,"KW Richardson","2016-2016",4,"1","1","1","1*","-","1","100.00","0","0","0","0","0","RCB"
"567",567,77,"RR Rossouw","2014-2015",5,"5","0","53","24","10.60","51","103.92","0","0","1","3","3","RCB"
"568",568,78,"JD Ryder","2009-2009",5,"5","0","56","32","11.20","49","114.28","0","0","2","9","0","RCB"
"569",569,79,"Sachin Baby","2016-2016",11,"6","2","119","33","29.75","79","150.63","0","0","1","9","5","RCB"
"570",570,80,"DJG Sammy","2015-2015",2,"2","0","13","7","6.50","18","72.22","0","0","0","0","0","RCB"
"571",571,81,"T Shamsi","2016-2016",4,"-","-","-","-","-","-","-","-","-","-","-","-","RCB"
"572",572,82,"KV Sharma","2009-2009",1,"1","0","1","1","1.00","3","33.33","0","0","0","0","0","RCB"
"573",573,83,"RP Singh","2013-2013",11,"-","-","-","-","-","-","-","-","-","-","-","-","RCB"
"574",574,84,"S Sriram","2010-2010",1,"1","0","27","27","27.00","29","93.10","0","0","0","3","0","RCB"
"575",575,85,"MA Starc","2014-2015",27,"12","5","96","29","13.71","98","97.95","0","0","0","10","0","RCB"
"576",576,86,"DW Steyn","2008-2010",35,"9","2","15","8","2.14","26","57.69","0","0","4","2","0","RCB"
"577",577,87,"J Syed Mohammad","2011-2013",15,"8","4","45","13*","11.25","36","125.00","0","0","0","6","0","RCB"
"578",578,88,"YV Takawale","2014-2014",5,"5","0","104","45","20.80","91","114.28","0","0","2","17","1","RCB"
"579",579,89,"LRPL Taylor","2008-2010",31,"30","7","733","81*","31.86","493","148.68","0","4","1","57","43","RCB"
"580",580,90,"SS Tiwary","2011-2013",46,"36","10","578","52","22.23","542","106.64","0","1","1","30","23","RCB"
"581",581,91,"JD Unadkat","2013-2013",13,"2","2","2","1*","-","2","100.00","0","0","0","0","0","RCB"
"582",582,92,"RV Uthappa","2009-2010",40,"36","5","706","68*","22.77","506","139.52","0","5","2","59","36","RCB"
"583",583,93,"RE van der Merwe","2009-2010",15,"10","1","126","35","14.00","106","118.86","0","0","0","8","8","RCB"
"584",584,94,"JJ van der Wath","2011-2011",3,"3","1","18","14*","9.00","16","112.50","0","0","1","1","1","RCB"
"585",585,95,"DL Vettori","2011-2012",28,"15","5","116","44","11.60","92","126.08","0","0","1","10","5","RCB"
"586",586,96,"R Vinay Kumar","2008-2013",70,"31","11","252","26*","12.60","218","115.59","0","0","2","16","8","RCB"
"587",587,97,"SR Watson","2016-2016",16,"15","2","179","36","13.76","134","133.58","0","0","1","14","12","RCB"
"588",588,98,"CL White","2008-2010",20,"17","5","226","31*","18.83","194","116.49","0","0","1","13","9","RCB"
"589",589,99,"D Wiese","2015-2016",15,"8","4","127","47*","31.75","90","141.11","0","0","0","12","4","RCB"
"590",590,100,"Yuvraj Singh","2014-2014",14,"14","3","376","83","34.18","278","135.25","0","3","1","22","28","RCB"
"591",591,101,"VH Zol","2014-2014",3,"2","0","29","16","14.50","26","111.53","0","0","0","3","1","RCB"
"592",592,1,"Ankit Sharma","-1",3,"1","1","3","3*","-","3","100.00","0","0","0","0","0","RPS"
"593",593,2,"M Ashwin","-1",10,"1","0","0","0","0.00","1","0.00","0","0","1","0","0","RPS"
"594",594,3,"R Ashwin","-1",14,"6","4","41","29","20.50","38","107.89","0","0","1","3","1","RPS"
"595",595,4,"GJ Bailey","-1",6,"5","1","84","34","21.00","98","85.71","0","0","1","9","2","RPS"
"596",596,5,"R Bhatia","-1",10,"6","5","34","21","34.00","20","170.00","0","0","0","1","2","RPS"
"597",597,6,"SM Boland","-1",2,"-","-","-","-","-","-","-","-","-","-","-","-","RPS"
"598",598,7,"DL Chahar","-1",2,"-","-","-","-","-","-","-","-","-","-","-","-","RPS"
"599",599,8,"MS Dhoni","-1",14,"12","5","284","64*","40.57","210","135.23","0","1","0","18","14","RPS"
"600",600,9,"AB Dinda","-1",9,"-","-","-","-","-","-","-","-","-","-","-","-","RPS"
"601",601,10,"F du Plessis","-1",6,"6","0","206","69","34.33","162","127.16","0","2","0","17","9","RPS"
"602",602,11,"PSP Handscomb","-1",2,"1","0","6","6","6.00","12","50.00","0","0","0","0","0","RPS"
"603",603,12,"UT Khawaja","-1",6,"6","0","127","30","21.16","100","127.00","0","0","0","14","3","RPS"
"604",604,13,"MR Marsh","-1",3,"1","0","7","7","7.00","11","63.63","0","0","0","0","0","RPS"
"605",605,14,"JA Morkel","-1",2,"1","0","16","16","16.00","9","177.77","0","0","0","0","2","RPS"
"606",606,15,"IK Pathan","-1",4,"3","0","11","7","3.66","13","84.61","0","0","0","0","0","RPS"
"607",607,16,"NLTC Perera","-1",12,"10","3","150","34","21.42","93","161.29","0","0","0","7","11","RPS"
"608",608,17,"KP Pietersen","-1",4,"4","2","73","37","36.50","61","119.67","0","0","0","4","3","RPS"
"609",609,18,"AM Rahane","-1",14,"14","3","480","74","43.63","379","126.64","0","6","2","54","9","RPS"
"610",610,19,"I Sharma","-1",4,"1","1","0","0*","-","0","-","0","0","0","0","0","RPS"
"611",611,20,"RP Singh","-1",4,"-","-","-","-","-","-","-","-","-","-","-","-","RPS"
"612",612,21,"SPD Smith","-1",8,"7","1","270","101","45.00","176","153.40","1","0","0","27","8","RPS"
"613",613,22,"SS Tiwary","-1",10,"8","1","170","57","24.28","141","120.56","0","2","0","17","4","RPS"
"614",614,23,"A Zampa","-1",5,"1","0","0","0","0.00","1","0.00","0","0","1","0","0","RPS"
"615",615,1,"Ankit Sharma","2014-2015",7,"4","1","41","30","13.66","36","113.88","0","0","1","5","1","RR"
"616",616,2,"SA Asnodkar","2008-2011",21,"21","0","464","60","22.09","379","122.42","0","2","3","59","11","RR"
"617",617,3,"S Badree","2013-2013",1,"-","-","-","-","-","-","-","-","-","-","-","-","RR"
"618",618,4,"R Bhatia","2014-2015",14,"8","2","67","23","11.16","54","124.07","0","0","1","4","3","RR"
"619",619,5,"STR Binny","2011-2015",63,"49","17","698","48*","21.81","533","130.95","0","0","5","55","25","RR"
"620",620,6,"J Botha","2009-2012",24,"19","8","335","67*","30.45","292","114.72","0","1","0","29","3","RR"
"621",621,7,"LA Carseldine","2009-2009",5,"5","1","81","39","20.25","68","119.11","0","0","0","11","0","RR"
"622",622,8,"UBT Chand","2014-2014",1,"1","0","2","2","2.00","9","22.22","0","0","0","0","0","RR"
"623",623,9,"A Chandila","2012-2013",12,"2","2","4","4*","-","7","57.14","0","0","0","0","0","RR"
"624",624,10,"AA Chavan","2011-2013",13,"3","1","12","7*","6.00","11","109.09","0","0","0","2","0","RR"
"625",625,11,"SD Chitnis","2009-2009",1,"1","0","6","6","6.00","8","75.00","0","0","0","1","0","RR"
"626",626,12,"KK Cooper","2012-2014",31,"17","6","142","32","12.90","81","175.30","0","0","1","14","9","RR"
"627",627,13,"BCJ Cutting","2014-2014",1,"1","0","8","8","8.00","6","133.33","0","0","0","0","1","RR"
"628",628,14,"P Dogra","2010-2010",9,"8","0","107","41","13.37","106","100.94","0","0","1","4","5","RR"
"629",629,15,"AP Dole","2010-2010",3,"2","0","34","30","17.00","22","154.54","0","0","0","3","1","RR"
"630",630,16,"ND Doshi","2011-2011",3,"1","0","0","0","0.00","13","0.00","0","0","1","0","0","RR"
"631",631,17,"R Dravid","2011-2013",52,"51","2","1324","66","27.02","1216","108.88","0","7","1","177","11","RR"
"632",632,18,"JP Faulkner","2013-2015",48,"35","16","387","46","20.36","269","143.86","0","0","0","25","23","RR"
"633",633,19,"FY Fazal","2009-2011",13,"12","1","210","45","19.09","195","107.69","0","0","1","23","3","RR"
"634",634,20,"AJ Finch","2010-2010",1,"1","0","21","21","21.00","21","100.00","0","0","0","0","1","RR"
"635",635,21,"SP Goswami","2012-2012",11,"6","1","69","24","13.80","67","102.98","0","0","1","4","1","RR"
"636",636,22,"Harmeet Singh","2013-2013",1,"-","-","-","-","-","-","-","-","-","-","-","-","RR"
"637",637,23,"SM Harwood","2009-2009",3,"2","2","9","6*","-","14","64.28","0","0","0","0","0","RR"
"638",638,24,"T Henderson","2009-2009",2,"2","0","11","11","5.50","16","68.75","0","0","1","0","1","RR"
"639",639,25,"BJ Hodge","2012-2014",38,"33","14","748","54*","39.36","520","143.84","0","2","0","61","29","RR"
"640",640,26,"GB Hogg","2012-2013",10,"3","1","15","13","7.50","16","93.75","0","0","0","1","0","RR"
"641",641,27,"DJ Hooda","2015-2015",14,"9","0","151","54","16.77","95","158.94","0","1","0","6","11","RR"
"642",642,28,"Iqbal Abdulla","2014-2014",1,"-","-","-","-","-","-","-","-","-","-","-","-","RR"
"643",643,29,"RA Jadeja","2008-2009",27,"22","4","430","42","23.88","369","116.53","0","0","2","32","12","RR"
"644",644,30,"AA Jhunjhunwala","2010-2010",13,"11","2","183","53*","20.33","166","110.24","0","1","0","16","4","RR"
"645",645,31,"M Kaif","2008-2009",17,"15","3","217","41","18.08","206","105.33","0","0","0","15","6","RR"
"646",646,32,"Kamran Akmal","2008-2008",6,"6","1","128","53*","25.60","78","164.10","0","1","0","13","8","RR"
"647",647,33,"Kamran Khan","2009-2010",8,"2","1","3","3","3.00","5","60.00","0","0","0","0","0","RR"
"648",648,34,"T Kohli","2008-2008",2,"2","0","10","7","5.00","15","66.66","0","0","0","0","1","RR"
"649",649,35,"DS Kulkarni","2014-2015",19,"4","2","39","28*","19.50","36","108.33","0","0","0","1","2","RR"
"650",650,36,"JL Langer","2009-2009",1,"1","0","1","1","1.00","2","50.00","0","0","0","0","0","RR"
"651",651,37,"DS Lehmann","2008-2008",2,"2","0","18","17","9.00","18","100.00","0","0","0","3","0","RR"
"652",652,38,"MJ Lumb","2010-2010",11,"11","0","278","83","25.27","192","144.79","0","1","2","45","6","RR"
"653",653,39,"VS Malik","2013-2014",7,"1","1","1","1*","-","2","50.00","0","0","0","0","0","RR"
"654",654,40,"DR Martyn","2010-2010",1,"1","0","19","19","19.00","24","79.16","0","0","0","1","0","RR"
"655",655,41,"AD Mascarenhas","2008-2010",9,"8","2","92","32*","15.33","73","126.02","0","0","1","6","2","RR"
"656",656,42,"AL Menaria","2011-2013",33,"24","3","407","40","19.38","364","111.81","0","0","1","24","18","RR"
"657",657,43,"M Morkel","2009-2010",4,"3","1","17","8","8.50","24","70.83","0","0","0","2","0","RR"
"658",658,44,"CH Morris","2015-2015",11,"7","5","76","34*","38.00","46","165.21","0","0","1","3","5","RR"
"659",659,45,"KK Nair","2014-2015",25,"23","2","511","73*","24.33","377","135.54","0","4","0","56","14","RR"
"660",660,46,"S Narwal","2010-2010",5,"3","1","14","12","7.00","12","116.66","0","0","1","2","0","RR"
"661",661,47,"AM Nayar","2014-2014",5,"4","1","43","23","14.33","47","91.48","0","0","0","5","1","RR"
"662",662,48,"NV Ojha","2009-2010",23,"23","3","555","94*","27.75","434","127.88","0","4","3","53","27","RR"
"663",663,49,"JDP Oram","2011-2011",2,"1","0","0","0","0.00","3","0.00","0","0","1","0","0","RR"
"664",664,50,"Pankaj Singh","2008-2012",12,"2","2","5","4*","-","8","62.50","0","0","0","0","0","RR"
"665",665,51,"MM Patel","2008-2010",31,"9","5","37","23*","9.25","32","115.62","0","0","3","5","0","RR"
"666",666,52,"NK Patel","2008-2009",9,"6","2","121","57","30.25","119","101.68","0","1","0","14","1","RR"
"667",667,53,"YK Pathan","2008-2010",43,"42","4","1011","100","26.60","627","161.24","1","6","1","89","61","RR"
"668",668,54,"AG Paunikar","2010-2011",5,"5","0","49","20","9.80","58","84.48","0","0","1","9","0","RR"
"669",669,55,"MDKJ Perera","2013-2013",3,"3","0","22","14","7.33","17","129.41","0","0","1","5","0","RR"
"670",670,56,"RJ Quiney","2009-2009",7,"7","0","103","51","14.71","102","100.98","0","1","0","12","3","RR"
"671",671,57,"AM Rahane","2011-2015",77,"72","10","2335","103*","37.66","1935","120.67","1","19","4","245","46","RR"
"672",672,58,"AS Raut","2009-2011",23,"16","7","194","36*","21.55","167","116.16","0","0","1","13","7","RR"
"673",673,59,"M Rawat","2008-2009",16,"10","6","50","23*","12.50","58","86.20","0","0","1","4","1","RR"
"674",674,60,"KW Richardson","2014-2014",7,"1","0","1","1","1.00","2","50.00","0","0","0","0","0","RR"
"675",675,61,"Sachin Baby","2013-2013",4,"1","0","3","3","3.00","7","42.85","0","0","0","0","0","RR"
"676",676,62,"D Salunkhe","2008-2008",6,"3","1","33","26*","16.50","24","137.50","0","0","0","5","0","RR"
"677",677,63,"SV Samson","2013-2015",44,"40","4","941","76","26.13","765","123.00","0","7","2","82","35","RR"
"678",678,64,"OA Shah","2012-2013",15,"15","4","365","76","33.18","279","130.82","0","3","0","26","16","RR"
"679",679,65,"PR Shah","2011-2011",2,"1","0","5","5","5.00","5","100.00","0","0","0","1","0","RR"
"680",680,66,"R Shukla","2013-2013",7,"3","2","2","1*","2.00","4","50.00","0","0","1","0","0","RR"
"681",681,67,"A Singh","2009-2012",24,"5","1","2","1*","0.50","10","20.00","0","0","3","0","0","RR"
"682",682,68,"GC Smith","2008-2010",25,"25","3","697","91","31.68","617","112.96","0","4","2","88","9","RR"
"683",683,69,"SPD Smith","2014-2015",24,"19","4","440","79*","29.33","331","132.93","0","2","1","46","7","RR"
"684",684,70,"Sohail Tanvir","2008-2009",12,"5","2","36","13","12.00","29","124.13","0","0","0","3","1","RR"
"685",685,71,"TG Southee","2014-2015",10,"4","2","17","7*","8.50","13","130.76","0","0","0","2","0","RR"
"686",686,72,"BB Sran","2015-2015",1,"-","-","-","-","-","-","-","-","-","-","-","-","RR"
"687",687,73,"S Sreesanth","2013-2013",7,"3","2","1","1*","1.00","4","25.00","0","0","1","0","0","RR"
"688",688,74,"SW Tait","2010-2013",21,"5","2","23","11","7.66","26","88.46","0","0","1","1","1","RR"
"689",689,75,"PV Tambe","2013-2015",31,"6","4","11","3*","5.50","20","55.00","0","0","0","0","0","RR"
"690",690,76,"LRPL Taylor","2011-2011",12,"11","6","181","47*","36.20","152","119.07","0","0","1","11","7","RR"
"691",691,77,"R Tewatia","2014-2015",4,"1","0","16","16","16.00","13","123.07","0","0","0","0","1","RR"
"692",692,78,"J Theron","2015-2015",1,"1","1","1","1*","-","1","100.00","0","0","0","0","0","RR"
"693",693,79,"SK Trivedi","2008-2013",76,"15","8","42","9","6.00","59","71.18","0","0","1","3","1","RR"
"694",694,80,"A Uniyal","2010-2010",2,"2","1","4","4*","4.00","7","57.14","0","0","1","0","0","RR"
"695",695,81,"PC Valthaty","2009-2009",2,"2","0","6","5","3.00","12","50.00","0","0","0","1","0","RR"
"696",696,82,"AC Voges","2010-2010",9,"7","3","181","45*","45.25","143","126.57","0","0","0","15","3","RR"
"697",697,83,"SB Wagh","2010-2010",1,"-","-","-","-","-","-","-","-","-","-","-","-","RR"
"698",698,84,"SK Warne","2008-2011",56,"29","9","198","34*","9.90","214","92.52","0","0","7","14","6","RR"
"699",699,85,"SR Watson","2008-2015",84,"81","12","2474","104*","35.85","1765","140.16","2","14","2","245","114","RR"
"700",700,86,"DH Yagnik","2011-2014",27,"19","7","176","34","14.66","143","123.07","0","0","2","24","2","RR"
"701",701,87,"Younis Khan","2008-2008",1,"1","0","3","3","3.00","7","42.85","0","0","0","0","0","RR"
