"","Winner","Result","Margin","BR","Match","Ground","Start Date"
"1","Sri Lanka","won","5 wickets",7,"Australia v Sri Lanka","Sydney","26 Jan 2013"
"2","Sri Lanka","won","2 runs",NA,"Australia v Sri Lanka","Melbourne","28 Jan 2013"
"3","England","won","40 runs",NA,"New Zealand v England","Auckland","9 Feb 2013"
"4","New Zealand","won","55 runs",NA,"New Zealand v England","Hamilton","12 Feb 2013"
"5","West Indies","won","27 runs",NA,"Australia v West Indies","Brisbane","13 Feb 2013"
"6","England","won","10 wickets",44,"New Zealand v England","Wellington","15 Feb 2013"
"7","","aban","-",NA,"South Africa v Pakistan","Durban","1 Mar 2013"
"8","West Indies","won","8 wickets",23,"West Indies v Zimbabwe","North Sound","2 Mar 2013"
"9","Pakistan","won","95 runs",NA,"South Africa v Pakistan","Centurion","3 Mar 2013"
"10","Afghanistan","won","27 runs",NA,"Afghanistan v Scotland","Sharjah","3 Mar 2013"
"11","West Indies","won","41 runs",NA,"West Indies v Zimbabwe","North Sound","3 Mar 2013"
"12","Afghanistan","won","7 wickets",15,"Afghanistan v Scotland","Sharjah","4 Mar 2013"
"13","Canada","won","5 wickets",9,"Canada v Kenya","ICCA Dubai","15 Mar 2013"
"14","Kenya","won","21 runs",NA,"Canada v Kenya","ICCA Dubai","16 Mar 2013"
"15","Sri Lanka","won","17 runs",NA,"Sri Lanka v Bangladesh","Pallekele","31 Mar 2013"
"16","Kenya","won","5 wickets",6,"Kenya v Netherlands","Windhoek","19 Apr 2013"
"17","Kenya","won","7 wickets",46,"Kenya v Netherlands","Windhoek","20 Apr 2013"
"18","Zimbabwe","won","6 runs",NA,"Zimbabwe v Bangladesh","Bulawayo","11 May 2013"
"19","Bangladesh","won","34 runs",NA,"Zimbabwe v Bangladesh","Bulawayo","12 May 2013"
"20","New Zealand","won","5 runs",NA,"England v New Zealand","The Oval","25 Jun 2013"
"21","","n/r","-",NA,"England v New Zealand","The Oval","27 Jun 2013"
"22","Scotland","won","35 runs",NA,"Scotland v Kenya","Aberdeen","4 Jul 2013"
"23","Scotland","won","7 wickets",9,"Scotland v Kenya","Aberdeen","5 Jul 2013"
"24","Pakistan","won","2 wickets",0,"West Indies v Pakistan","Kingstown","27 Jul 2013"
"25","Pakistan","won","11 runs",NA,"West Indies v Pakistan","Kingstown","28 Jul 2013"
"26","South Africa","won","12 runs",NA,"Sri Lanka v South Africa","Colombo (RPS)","2 Aug 2013"
"27","South Africa","won","22 runs",NA,"Sri Lanka v South Africa","Hambantota","4 Aug 2013"
"28","Sri Lanka","won","6 wickets",11,"Sri Lanka v South Africa","Hambantota","6 Aug 2013"
"29","Pakistan","won","25 runs",NA,"Zimbabwe v Pakistan","Harare","23 Aug 2013"
"30","Pakistan","won","19 runs",NA,"Zimbabwe v Pakistan","Harare","24 Aug 2013"
"31","Australia","won","39 runs",NA,"England v Australia","Southampton","29 Aug 2013"
"32","England","won","27 runs",NA,"England v Australia","Chester-le-Street","31 Aug 2013"
"33","Afghanistan","won","106 runs",NA,"Afghanistan v Kenya","Sharjah","30 Sep 2013"
"34","India","won","6 wickets",2,"India v Australia","Rajkot","10 Oct 2013"
"35","Kenya","won","34 runs",NA,"Afghanistan v Kenya","Sharjah","11 Oct 2013"
"36","New Zealand","won","15 runs",NA,"Bangladesh v New Zealand","Dhaka","6 Nov 2013"
"37","South Africa","won","9 wickets",33,"Pakistan v South Africa","Dubai (DSC)","13 Nov 2013"
"38","Netherlands","won","7 wickets",43,"Afghanistan v Netherlands","Sharjah","15 Nov 2013"
"39","South Africa","won","6 runs",NA,"Pakistan v South Africa","Dubai (DSC)","15 Nov 2013"
"40","Afghanistan","won","17 runs",NA,"Afghanistan v Scotland","Sharjah","16 Nov 2013"
"41","Ireland","won","2 runs",NA,"Canada v Ireland","Abu Dhabi","16 Nov 2013"
"42","Kenya","won","92 runs",NA,"Kenya v Scotland","ICCA Dubai","19 Nov 2013"
"43","","aban","-",NA,"Sri Lanka v New Zealand","Pallekele","19 Nov 2013"
"44","South Africa","won","4 runs",NA,"South Africa v Pakistan","Johannesburg","20 Nov 2013"
"45","Sri Lanka","won","8 wickets",13,"Sri Lanka v New Zealand","Pallekele","21 Nov 2013"
"46","Scotland","won","15 runs",NA,"Netherlands v Scotland","ICCA Dubai","22 Nov 2013"
"47","Pakistan","won","6 runs",NA,"South Africa v Pakistan","Cape Town","22 Nov 2013"
"48","Netherlands","won","29 runs",NA,"Kenya v Netherlands","ICCA Dubai","23 Nov 2013"
"49","Afghanistan","won","34 runs",NA,"Afghanistan v Kenya","Sharjah","24 Nov 2013"
"50","Kenya","won","21 runs",NA,"Canada v Kenya","Sharjah","26 Nov 2013"
"51","Netherlands","won","8 wickets",13,"Netherlands v Scotland","Abu Dhabi","28 Nov 2013"
"52","Ireland","won","68 runs",NA,"Afghanistan v Ireland","Abu Dhabi","30 Nov 2013"
"53","Pakistan","won","6 wickets",1,"Afghanistan v Pakistan","Sharjah","8 Dec 2013"
"54","Pakistan","won","3 wickets",5,"Pakistan v Sri Lanka","Dubai (DSC)","11 Dec 2013"
"55","Sri Lanka","won","24 runs",NA,"Pakistan v Sri Lanka","Dubai (DSC)","13 Dec 2013"
"56","New Zealand","won","81 runs",NA,"New Zealand v West Indies","Auckland","11 Jan 2014"
"57","New Zealand","won","4 wickets",6,"New Zealand v West Indies","Wellington","15 Jan 2014"
"58","Australia","won","13 runs",NA,"Australia v England","Hobart","29 Jan 2014"
"59","Australia","won","8 wickets",31,"Australia v England","Melbourne","31 Jan 2014"
"60","Australia","won","84 runs",NA,"Australia v England","Sydney","2 Feb 2014"
"61","Sri Lanka","won","2 runs",NA,"Bangladesh v Sri Lanka","Chittagong","12 Feb 2014"
"62","Sri Lanka","won","3 wickets",0,"Bangladesh v Sri Lanka","Chittagong","14 Feb 2014"
"63","Ireland","won","6 wickets",5,"West Indies v Ireland","Kingston","19 Feb 2014"
"64","West Indies","won","11 runs",NA,"West Indies v Ireland","Kingston","21 Feb 2014"
"65","","aban","-",NA,"South Africa v Australia","Port Elizabeth","9 Mar 2014"
"66","West Indies","won","27 runs",NA,"West Indies v England","Bridgetown","9 Mar 2014"
"67","West Indies","won","5 wickets",7,"West Indies v England","Bridgetown","11 Mar 2014"
"68","Australia","won","5 wickets",2,"South Africa v Australia","Durban","12 Mar 2014"
"69","England","won","5 runs",NA,"West Indies v England","Bridgetown","13 Mar 2014"
"70","Australia","won","6 wickets",30,"South Africa v Australia","Centurion","14 Mar 2014"
"71","Bangladesh","won","9 wickets",48,"Bangladesh v Afghanistan","Dhaka","16 Mar 2014"
"72","Nepal","won","80 runs",NA,"Hong Kong v Nepal","Chittagong","16 Mar 2014"
"73","Ireland","won","3 wickets",0,"Ireland v Zimbabwe","Sylhet","17 Mar 2014"
"74","Netherlands","won","6 wickets",7,"Netherlands v U.A.E.","Sylhet","17 Mar 2014"
"75","Afghanistan","won","7 wickets",12,"Afghanistan v Hong Kong","Chittagong","18 Mar 2014"
"76","Bangladesh","won","8 wickets",27,"Bangladesh v Nepal","Chittagong","18 Mar 2014"
"77","Zimbabwe","won","5 wickets",0,"Netherlands v Zimbabwe","Sylhet","19 Mar 2014"
"78","Ireland","won","21 runs",NA,"Ireland v U.A.E.","Sylhet","19 Mar 2014"
"79","Nepal","won","9 runs",NA,"Afghanistan v Nepal","Chittagong","20 Mar 2014"
"80","Hong Kong","won","2 wickets",2,"Bangladesh v Hong Kong","Chittagong","20 Mar 2014"
"81","Zimbabwe","won","5 wickets",38,"U.A.E. v Zimbabwe","Sylhet","21 Mar 2014"
"82","Netherlands","won","6 wickets",37,"Ireland v Netherlands","Sylhet","21 Mar 2014"
"83","India","won","7 wickets",9,"India v Pakistan","Dhaka","21 Mar 2014"
"84","Sri Lanka","won","5 runs",NA,"South Africa v Sri Lanka","Chittagong","22 Mar 2014"
"85","New Zealand","won","9 runs",NA,"England v New Zealand","Chittagong","22 Mar 2014"
"86","Pakistan","won","16 runs",NA,"Australia v Pakistan","Dhaka","23 Mar 2014"
"87","India","won","7 wickets",2,"India v West Indies","Dhaka","23 Mar 2014"
"88","South Africa","won","2 runs",NA,"New Zealand v South Africa","Chittagong","24 Mar 2014"
"89","Sri Lanka","won","9 wickets",90,"Netherlands v Sri Lanka","Chittagong","24 Mar 2014"
"90","West Indies","won","73 runs",NA,"Bangladesh v West Indies","Dhaka","25 Mar 2014"
"91","South Africa","won","6 runs",NA,"Netherlands v South Africa","Chittagong","27 Mar 2014"
"92","England","won","6 wickets",4,"England v Sri Lanka","Chittagong","27 Mar 2014"
"93","West Indies","won","6 wickets",2,"Australia v West Indies","Dhaka","28 Mar 2014"
"94","India","won","8 wickets",9,"Bangladesh v India","Dhaka","28 Mar 2014"
"95","New Zealand","won","6 wickets",6,"Netherlands v New Zealand","Chittagong","29 Mar 2014"
"96","South Africa","won","3 runs",NA,"England v South Africa","Chittagong","29 Mar 2014"
"97","Pakistan","won","50 runs",NA,"Bangladesh v Pakistan","Dhaka","30 Mar 2014"
"98","India","won","73 runs",NA,"Australia v India","Dhaka","30 Mar 2014"
"99","Netherlands","won","45 runs",NA,"England v Netherlands","Chittagong","31 Mar 2014"
"100","Sri Lanka","won","59 runs",NA,"New Zealand v Sri Lanka","Chittagong","31 Mar 2014"
"101","Australia","won","7 wickets",15,"Bangladesh v Australia","Dhaka","1 Apr 2014"
"102","West Indies","won","84 runs",NA,"Pakistan v West Indies","Dhaka","1 Apr 2014"
"103","Sri Lanka","won","27 runs",NA,"Sri Lanka v West Indies","Dhaka","3 Apr 2014"
"104","India","won","6 wickets",5,"India v South Africa","Dhaka","4 Apr 2014"
"105","Sri Lanka","won","6 wickets",13,"India v Sri Lanka","Dhaka","6 Apr 2014"
"106","Sri Lanka","won","9 runs",NA,"England v Sri Lanka","The Oval","20 May 2014"
"107","New Zealand","won","12 runs",NA,"West Indies v New Zealand","Roseau","5 Jul 2014"
"108","West Indies","won","39 runs",NA,"West Indies v New Zealand","Roseau","6 Jul 2014"
"109","","n/r","-",NA,"West Indies v Bangladesh","Basseterre","27 Aug 2014"
"110","England","won","3 runs",NA,"England v India","Birmingham","7 Sep 2014"
"111","Australia","won","6 wickets",36,"Australia v Pakistan","Dubai (DSC)","5 Oct 2014"
"112","South Africa","won","7 wickets",6,"Australia v South Africa","Adelaide","5 Nov 2014"
"113","Australia","won","7 wickets",44,"Australia v South Africa","Melbourne","7 Nov 2014"
"114","Australia","won","2 wickets",1,"Australia v South Africa","Sydney","9 Nov 2014"
"115","","aban","-",NA,"Hong Kong v Nepal","Dambulla","19 Nov 2014"
"116","","aban","-",NA,"Hong Kong v Nepal","Dambulla","20 Nov 2014"
"117","","aban","-",NA,"Hong Kong v Nepal","Dambulla","21 Nov 2014"
"118","","aban","-",NA,"Hong Kong v Nepal","Dambulla","22 Nov 2014"
"119","Hong Kong","won","2 wickets",1,"Hong Kong v Nepal","Colombo (PSS)","24 Nov 2014"
"120","Pakistan","won","7 wickets",5,"New Zealand v Pakistan","Dubai (DSC)","4 Dec 2014"
"121","New Zealand","won","17 runs",NA,"New Zealand v Pakistan","Dubai (DSC)","5 Dec 2014"
"122","West Indies","won","4 wickets",4,"South Africa v West Indies","Cape Town","9 Jan 2015"
"123","West Indies","won","4 wickets",4,"South Africa v West Indies","Johannesburg","11 Jan 2015"
"124","South Africa","won","69 runs",NA,"South Africa v West Indies","Durban","14 Jan 2015"
"125","Bangladesh","won","7 wickets",22,"Bangladesh v Pakistan","Dhaka","24 Apr 2015"
"126","Pakistan","won","5 wickets",3,"Pakistan v Zimbabwe","Lahore","22 May 2015"
"127","Pakistan","won","2 wickets",2,"Pakistan v Zimbabwe","Lahore","24 May 2015"
"128","Scotland","won","6 wickets",23,"Ireland v Scotland","Bready","18 Jun 2015"
"129","","n/r","-",NA,"Ireland v Scotland","Bready","19 Jun 2015"
"130","Scotland","won","6 wickets",11,"Ireland v Scotland","Bready","20 Jun 2015"
"131","","n/r","-",NA,"Ireland v Scotland","Bready","21 Jun 2015"
"132","England","won","56 runs",NA,"England v New Zealand","Manchester","23 Jun 2015"
"133","Netherlands","won","18 runs",NA,"Netherlands v Nepal","Amstelveen","30 Jun 2015"
"134","Netherlands","won","103 runs",NA,"Netherlands v Nepal","Amstelveen","1 Jul 2015"
"135","Netherlands","won","18 runs",NA,"Netherlands v Nepal","Rotterdam","2 Jul 2015"
"136","Nepal","won","3 wickets",2,"Netherlands v Nepal","Rotterdam","3 Jul 2015"
"137","South Africa","won","52 runs",NA,"Bangladesh v South Africa","Dhaka","5 Jul 2015"
"138","South Africa","won","31 runs",NA,"Bangladesh v South Africa","Dhaka","7 Jul 2015"
"139","Scotland","won","9 wickets",60,"Scotland v U.A.E.","Edinburgh","9 Jul 2015"
"140","Afghanistan","won","32 runs",NA,"Afghanistan v Netherlands","Edinburgh","9 Jul 2015"
"141","Afghanistan","won","8 wickets",16,"Afghanistan v U.A.E.","Edinburgh","10 Jul 2015"
"142","Netherlands","won","32 runs",NA,"Scotland v Netherlands","Edinburgh","11 Jul 2015"
"143","Netherlands","won","7 wickets",17,"Netherlands v U.A.E.","Edinburgh","12 Jul 2015"
"144","Afghanistan","won","37 runs",NA,"Scotland v Afghanistan","Edinburgh","12 Jul 2015"
"145","","aban","-",NA,"Hong Kong v P.N.G.","Bready","13 Jul 2015"
"146","Ireland","won","8 wickets",72,"Ireland v Nepal","Belfast","13 Jul 2015"
"147","P.N.G.","won","2 wickets",7,"Ireland v P.N.G.","Belfast","15 Jul 2015"
"148","Hong Kong","won","5 wickets",5,"Hong Kong v Nepal","Belfast","15 Jul 2015"
"149","P.N.G.","won","8 wickets",35,"Nepal v P.N.G.","Dublin (Malahide)","17 Jul 2015"
"150","India","won","54 runs",NA,"Zimbabwe v India","Harare","17 Jul 2015"
"151","Hong Kong","won","5 runs",NA,"Ireland v Hong Kong","Dublin (Malahide)","17 Jul 2015"
"152","Zimbabwe","won","10 runs",NA,"Zimbabwe v India","Harare","19 Jul 2015"
"153","Hong Kong","won","5 wickets",0,"Afghanistan v Hong Kong","Dublin (Malahide)","21 Jul 2015"
"154","Afghanistan","won","6 wickets",10,"Afghanistan v P.N.G.","Dublin (Malahide)","23 Jul 2015"
"155","Scotland","won","5 wickets",46,"Hong Kong v Scotland","Dublin (Malahide)","25 Jul 2015"
"156","Afghanistan","won","5 wickets",7,"Afghanistan v Oman","Dublin","25 Jul 2015"
"157","Netherlands","won","5 wickets",11,"Ireland v Netherlands","Dublin (Malahide)","25 Jul 2015"
"158","","aban","-",NA,"Ireland v Hong Kong","Dublin (Malahide)","26 Jul 2015"
"159","","aban","-",NA,"Netherlands v Scotland","Dublin (Malahide)","26 Jul 2015"
"160","Pakistan","won","29 runs",NA,"Sri Lanka v Pakistan","Colombo (RPS)","30 Jul 2015"
"161","Pakistan","won","1 wickets",4,"Sri Lanka v Pakistan","Colombo (RPS)","1 Aug 2015"
"162","New Zealand","won","80 runs",NA,"Zimbabwe v New Zealand","Harare","9 Aug 2015"
"163","South Africa","won","6 wickets",13,"South Africa v New Zealand","Durban","14 Aug 2015"
"164","New Zealand","won","32 runs",NA,"South Africa v New Zealand","Centurion","16 Aug 2015"
"165","England","won","5 runs",NA,"England v Australia","Cardiff","31 Aug 2015"
"166","Pakistan","won","13 runs",NA,"Zimbabwe v Pakistan","Harare","27 Sep 2015"
"167","Pakistan","won","15 runs",NA,"Zimbabwe v Pakistan","Harare","29 Sep 2015"
"168","South Africa","won","7 wickets",2,"India v South Africa","Dharamsala","2 Oct 2015"
"169","South Africa","won","6 wickets",17,"India v South Africa","Cuttack","5 Oct 2015"
"170","","aban","-",NA,"India v South Africa","Kolkata","8 Oct 2015"
"171","Afghanistan","won","6 wickets",5,"Zimbabwe v Afghanistan","Bulawayo","26 Oct 2015"
"172","Afghanistan","won","5 wickets",1,"Zimbabwe v Afghanistan","Bulawayo","28 Oct 2015"
"173","Sri Lanka","won","30 runs",NA,"Sri Lanka v West Indies","Pallekele","9 Nov 2015"
"174","West Indies","won","23 runs",NA,"Sri Lanka v West Indies","Colombo (RPS)","11 Nov 2015"
"175","Bangladesh","won","4 wickets",14,"Bangladesh v Zimbabwe","Dhaka","13 Nov 2015"
"176","Zimbabwe","won","3 wickets",1,"Bangladesh v Zimbabwe","Dhaka","15 Nov 2015"
"177","Oman","won","6 wickets",9,"Hong Kong v Oman","Abu Dhabi","21 Nov 2015"
"178","U.A.E.","won","7 wickets",10,"U.A.E. v Oman","Abu Dhabi","22 Nov 2015"
"179","Oman","won","4 runs",NA,"Hong Kong v Oman","Abu Dhabi","25 Nov 2015"
"180","Hong Kong","won","8 wickets",9,"Hong Kong v Oman","Abu Dhabi","26 Nov 2015"
"181","England","won","14 runs",NA,"England v Pakistan","Dubai (DSC)","26 Nov 2015"
"182","England","won","3 runs",NA,"England v Pakistan","Dubai (DSC)","27 Nov 2015"
"183","Hong Kong","won","4 wickets",2,"Afghanistan v Hong Kong","Abu Dhabi","28 Nov 2015"
"184","Afghanistan","won","27 runs",NA,"Afghanistan v Oman","Abu Dhabi","29 Nov 2015"
"185","Afghanistan","won","12 runs",NA,"Afghanistan v Oman","Abu Dhabi","30 Nov 2015"
"186","","tied","-",NA,"England v Pakistan","Sharjah","30 Nov 2015"
"187","New Zealand","won","3 runs",NA,"New Zealand v Sri Lanka","Mount Maunganui","7 Jan 2016"
"188","Afghanistan","won","5 runs",NA,"Afghanistan v Zimbabwe","Sharjah","8 Jan 2016"
"189","New Zealand","won","9 wickets",60,"New Zealand v Sri Lanka","Auckland","10 Jan 2016"
"190","Afghanistan","won","81 runs",NA,"Afghanistan v Zimbabwe","Sharjah","10 Jan 2016"
"191","Pakistan","won","16 runs",NA,"New Zealand v Pakistan","Auckland","15 Jan 2016"
"192","Bangladesh","won","4 wickets",8,"Bangladesh v Zimbabwe","Khulna","15 Jan 2016"
"193","New Zealand","won","10 wickets",14,"New Zealand v Pakistan","Hamilton","17 Jan 2016"
"194","Bangladesh","won","42 runs",NA,"Bangladesh v Zimbabwe","Khulna","17 Jan 2016"
"195","Zimbabwe","won","31 runs",NA,"Bangladesh v Zimbabwe","Khulna","20 Jan 2016"
"196","New Zealand","won","95 runs",NA,"New Zealand v Pakistan","Wellington","22 Jan 2016"
"197","Zimbabwe","won","18 runs",NA,"Bangladesh v Zimbabwe","Khulna","22 Jan 2016"
"198","India","won","37 runs",NA,"Australia v India","Adelaide","26 Jan 2016"
"199","India","won","27 runs",NA,"Australia v India","Melbourne","29 Jan 2016"
"200","Hong Kong","won","9 wickets",22,"Hong Kong v Scotland","Mong Kok","30 Jan 2016"
"201","Scotland","won","37 runs",NA,"Hong Kong v Scotland","Mong Kok","31 Jan 2016"
"202","India","won","7 wickets",0,"Australia v India","Sydney","31 Jan 2016"
"203","Netherlands","won","84 runs",NA,"U.A.E. v Netherlands","ICCA Dubai","3 Feb 2016"
"204","U.A.E.","won","9 runs",NA,"U.A.E. v Scotland","ICCA Dubai","4 Feb 2016"
"205","Scotland","won","37 runs",NA,"Netherlands v Scotland","ICCA Dubai","5 Feb 2016"
"206","Ireland","won","5 wickets",47,"Ireland v P.N.G.","Townsville","6 Feb 2016"
"207","Ireland","won","7 runs",NA,"Ireland v P.N.G.","Townsville","7 Feb 2016"
"208","P.N.G.","won","11 runs",NA,"Ireland v P.N.G.","Townsville","9 Feb 2016"
"209","Sri Lanka","won","5 wickets",12,"India v Sri Lanka","Pune","9 Feb 2016"
"210","India","won","69 runs",NA,"India v Sri Lanka","Ranchi","12 Feb 2016"
"211","Ireland","won","34 runs",NA,"U.A.E. v Ireland","Abu Dhabi","14 Feb 2016"
"212","India","won","9 wickets",37,"India v Sri Lanka","Visakhapatnam","14 Feb 2016"
"213","U.A.E.","won","5 runs",NA,"U.A.E. v Ireland","Abu Dhabi","16 Feb 2016"
"214","U.A.E.","won","16 runs",NA,"Afghanistan v U.A.E.","Fatullah","19 Feb 2016"
"215","Oman","won","5 runs",NA,"Hong Kong v Oman","Fatullah","19 Feb 2016"
"216","South Africa","won","3 wickets",0,"South Africa v England","Cape Town","19 Feb 2016"
"217","Afghanistan","won","3 wickets",3,"Afghanistan v Oman","Fatullah","20 Feb 2016"
"218","U.A.E.","won","6 wickets",9,"Hong Kong v U.A.E.","Fatullah","21 Feb 2016"
"219","South Africa","won","9 wickets",32,"South Africa v England","Johannesburg","21 Feb 2016"
"220","Afghanistan","won","66 runs",NA,"Afghanistan v Hong Kong","Dhaka","22 Feb 2016"
"221","U.A.E.","won","71 runs",NA,"Oman v U.A.E.","Dhaka","22 Feb 2016"
"222","India","won","45 runs",NA,"Bangladesh v India","Dhaka","24 Feb 2016"
"223","Sri Lanka","won","14 runs",NA,"Sri Lanka v U.A.E.","Dhaka","25 Feb 2016"
"224","Bangladesh","won","51 runs",NA,"Bangladesh v U.A.E.","Dhaka","26 Feb 2016"
"225","India","won","5 wickets",27,"India v Pakistan","Dhaka","27 Feb 2016"
"226","Bangladesh","won","23 runs",NA,"Bangladesh v Sri Lanka","Dhaka","28 Feb 2016"
"227","Pakistan","won","7 wickets",8,"Pakistan v U.A.E.","Dhaka","29 Feb 2016"
"228","India","won","5 wickets",4,"India v Sri Lanka","Dhaka","1 Mar 2016"
"229","Bangladesh","won","5 wickets",5,"Bangladesh v Pakistan","Dhaka","2 Mar 2016"
"230","India","won","9 wickets",59,"India v U.A.E.","Dhaka","3 Mar 2016"
"231","Pakistan","won","6 wickets",4,"Pakistan v Sri Lanka","Dhaka","4 Mar 2016"
"232","South Africa","won","3 wickets",4,"South Africa v Australia","Durban","4 Mar 2016"
"233","Australia","won","5 wickets",0,"South Africa v Australia","Johannesburg","6 Mar 2016"
"234","India","won","8 wickets",7,"Bangladesh v India","Dhaka","6 Mar 2016"
"235","Zimbabwe","won","14 runs",NA,"Hong Kong v Zimbabwe","Nagpur","8 Mar 2016"
"236","Afghanistan","won","14 runs",NA,"Afghanistan v Scotland","Nagpur","8 Mar 2016"
"237","Bangladesh","won","8 runs",NA,"Bangladesh v Netherlands","Dharamsala","9 Mar 2016"
"238","Oman","won","2 wickets",2,"Ireland v Oman","Dharamsala","9 Mar 2016"
"239","Australia","won","6 wickets",4,"South Africa v Australia","Cape Town","9 Mar 2016"
"240","Zimbabwe","won","11 runs",NA,"Scotland v Zimbabwe","Nagpur","10 Mar 2016"
"241","Afghanistan","won","6 wickets",12,"Afghanistan v Hong Kong","Nagpur","10 Mar 2016"
"242","","n/r","-",NA,"Netherlands v Oman","Dharamsala","11 Mar 2016"
"243","","n/r","-",NA,"Bangladesh v Ireland","Dharamsala","11 Mar 2016"
"244","Afghanistan","won","59 runs",NA,"Afghanistan v Zimbabwe","Nagpur","12 Mar 2016"
"245","Scotland","won","8 wickets",12,"Hong Kong v Scotland","Nagpur","12 Mar 2016"
"246","Netherlands","won","12 runs",NA,"Ireland v Netherlands","Dharamsala","13 Mar 2016"
"247","Bangladesh","won","54 runs",NA,"Bangladesh v Oman","Dharamsala","13 Mar 2016"
"248","New Zealand","won","47 runs",NA,"India v New Zealand","Nagpur","15 Mar 2016"
"249","Pakistan","won","55 runs",NA,"Bangladesh v Pakistan","Kolkata","16 Mar 2016"
"250","West Indies","won","6 wickets",11,"England v West Indies","Mumbai","16 Mar 2016"
"251","Sri Lanka","won","6 wickets",7,"Afghanistan v Sri Lanka","Kolkata","17 Mar 2016"
"252","New Zealand","won","8 runs",NA,"Australia v New Zealand","Dharamsala","18 Mar 2016"
"253","England","won","2 wickets",2,"England v South Africa","Mumbai","18 Mar 2016"
"254","India","won","6 wickets",13,"India v Pakistan","Kolkata","19 Mar 2016"
"255","South Africa","won","37 runs",NA,"Afghanistan v South Africa","Mumbai","20 Mar 2016"
"256","West Indies","won","7 wickets",10,"Sri Lanka v West Indies","Bangalore","20 Mar 2016"
"257","Australia","won","3 wickets",9,"Australia v Bangladesh","Bangalore","21 Mar 2016"
"258","New Zealand","won","22 runs",NA,"New Zealand v Pakistan","Mohali","22 Mar 2016"
"259","England","won","15 runs",NA,"Afghanistan v England","Delhi","23 Mar 2016"
"260","India","won","1 runs",NA,"India v Bangladesh","Bangalore","23 Mar 2016"
"261","Australia","won","21 runs",NA,"Australia v Pakistan","Mohali","25 Mar 2016"
"262","West Indies","won","3 wickets",2,"South Africa v West Indies","Nagpur","25 Mar 2016"
"263","New Zealand","won","75 runs",NA,"Bangladesh v New Zealand","Kolkata","26 Mar 2016"
"264","England","won","10 runs",NA,"England v Sri Lanka","Delhi","26 Mar 2016"
"265","Afghanistan","won","6 runs",NA,"Afghanistan v West Indies","Nagpur","27 Mar 2016"
"266","India","won","6 wickets",5,"India v Australia","Mohali","27 Mar 2016"
"267","South Africa","won","8 wickets",14,"South Africa v Sri Lanka","Delhi","28 Mar 2016"
"268","England","won","7 wickets",17,"England v New Zealand","Delhi","30 Mar 2016"
"269","West Indies","won","7 wickets",2,"India v West Indies","Mumbai","31 Mar 2016"
"270","West Indies","won","4 wickets",2,"England v West Indies","Kolkata","3 Apr 2016"
"271","Zimbabwe","won","2 runs",NA,"Zimbabwe v India","Harare","18 Jun 2016"
"272","India","won","10 wickets",41,"Zimbabwe v India","Harare","20 Jun 2016"
"273","India","won","3 runs",NA,"Zimbabwe v India","Harare","22 Jun 2016"
"274","England","won","8 wickets",15,"England v Sri Lanka","Southampton","5 Jul 2016"
"275","West Indies","won","1 runs",NA,"India v West Indies","Lauderhill","27 Aug 2016"
"276","","n/r","-",NA,"India v West Indies","Lauderhill","28 Aug 2016"
"277","Hong Kong","won","40 runs",NA,"Ireland v Hong Kong","Bready","5 Sep 2016"
"278","Australia","won","85 runs",NA,"Sri Lanka v Australia","Pallekele","6 Sep 2016"
"279","","aban","-",NA,"Ireland v Hong Kong","Bready","6 Sep 2016"
"280","Pakistan","won","9 wickets",31,"England v Pakistan","Manchester","7 Sep 2016"
"281","Australia","won","4 wickets",13,"Sri Lanka v Australia","Colombo (RPS)","9 Sep 2016"
"282","Pakistan","won","9 wickets",34,"Pakistan v West Indies","Dubai (DSC)","23 Sep 2016"
"283","Pakistan","won","16 runs",NA,"Pakistan v West Indies","Dubai (DSC)","24 Sep 2016"
"284","Pakistan","won","8 wickets",29,"Pakistan v West Indies","Abu Dhabi","27 Sep 2016"
"285","Afghanistan","won","11 runs",NA,"U.A.E. v Afghanistan","ICCA Dubai","14 Dec 2016"
"286","Afghanistan","won","5 wickets",2,"U.A.E. v Afghanistan","Dubai (DSC)","16 Dec 2016"
"287","Afghanistan","won","44 runs",NA,"U.A.E. v Afghanistan","ICCA Dubai","18 Dec 2016"
"288","New Zealand","won","6 wickets",12,"New Zealand v Bangladesh","Napier","3 Jan 2017"
"289","New Zealand","won","47 runs",NA,"New Zealand v Bangladesh","Mount Maunganui","6 Jan 2017"
"290","New Zealand","won","27 runs",NA,"New Zealand v Bangladesh","Mount Maunganui","8 Jan 2017"
